ABBOTSFORD,ABBOTSFORD STATION,ABBOTSFORD TRAIN STATION,ABBOTSFORD VIA RAIL STATION,ABBOTSFORD VIA RAIL TRAIN STATION,ABBOTSFORD VIA STATION,ABBOTSFORD VIA TRAIN STATION,,,,,,,,,,,,,,,
AGASSIZ,AGASSIZ STATION,AGASSIZ TRAIN STATION,AGASSIZ VIA RAIL STATION,AGASSIZ VIA RAIL TRAIN STATION,AGASSIZ VIA STATION,AGASSIZ VIA TRAIN STATION,,,,,,,,,,,,,,,
AHUNTSIC,AHUNTSIC STATION,AHUNTSIC TRAIN STATION,AHUNTSIC VIA RAIL STATION,AHUNTSIC VIA RAIL TRAIN STATION,AHUNTSIC VIA STATION,AHUNTSIC VIA TRAIN STATION,,,,,,,,,,,,,,,
ALDERSHOT,ALDERSHOT STATION,ALDERSHOT TRAIN STATION,ALDERSHOT VIA RAIL STATION,ALDERSHOT VIA RAIL TRAIN STATION,ALDERSHOT VIA STATION,ALDERSHOT VIA TRAIN STATION,ALDERSHOT GO STATION,ALDERSHOT GO TRAIN STATION,,,,,,,,,,,,,
ALEXANDRIA,ALEXANDRIA STATION,ALEXANDRIA TRAIN STATION,ALEXANDRIA VIA RAIL STATION,ALEXANDRIA VIA RAIL TRAIN STATION,ALEXANDRIA VIA STATION,ALEXANDRIA VIA TRAIN STATION,,,,,,,,,,,,,,,
ALLANWATER BRIDGE,ALLANWATER BRIDGE STATION,ALLANWATER BRIDGE TRAIN STATION,ALLANWATER BRIDGE VIA RAIL STATION,ALLANWATER BRIDGE VIA RAIL TRAIN STATION,ALLANWATER BRIDGE VIA STATION,ALLANWATER BRIDGE VIA TRAIN STATION,,,,,,,,,,,,,,,
ALZEA LAKE,ALZEA LAKE STATION,ALZEA LAKE TRAIN STATION,ALZEA LAKE VIA RAIL STATION,ALZEA LAKE VIA RAIL TRAIN STATION,ALZEA LAKE VIA STATION,ALZEA LAKE VIA TRAIN STATION,,,,,,,,,,,,,,,
AMERY,AMERY STATION,AMERY TRAIN STATION,AMERY VIA RAIL STATION,AMERY VIA RAIL TRAIN STATION,AMERY VIA STATION,AMERY VIA TRAIN STATION,,,,,,,,,,,,,,,
AMHERST,AMHERST STATION,AMHERST TRAIN STATION,AMHERST VIA RAIL STATION,AMHERST VIA RAIL TRAIN STATION,AMHERST VIA STATION,AMHERST VIA TRAIN STATION,,,,,,,,,,,,,,,
AMQUI,AMQUI STATION,AMQUI TRAIN STATION,AMQUI VIA RAIL STATION,AMQUI VIA RAIL TRAIN STATION,AMQUI VIA STATION,AMQUI VIA TRAIN STATION,,,,,,,,,,,,,,,
ANJOU,ANJOU STATION,ANJOU TRAIN STATION,ANJOU VIA RAIL STATION,ANJOU VIA RAIL TRAIN STATION,ANJOU VIA STATION,ANJOU VIA TRAIN STATION,,,,,,,,,,,,,,,
ARMSTRONG,ARMSTRONG STATION,ARMSTRONG TRAIN STATION,ARMSTRONG VIA RAIL STATION,ARMSTRONG VIA RAIL TRAIN STATION,ARMSTRONG VIA STATION,ARMSTRONG VIA TRAIN STATION,,,,,,,,,,,,,,,
ASHCROFT,ASHCROFT STATION,ASHCROFT TRAIN STATION,ASHCROFT VIA RAIL STATION,ASHCROFT VIA RAIL TRAIN STATION,ASHCROFT VIA STATION,ASHCROFT VIA TRAIN STATION,,,,,,,,,,,,,,,
AUDEN,AUDEN STATION,AUDEN TRAIN STATION,AUDEN VIA RAIL STATION,AUDEN VIA RAIL TRAIN STATION,AUDEN VIA STATION,AUDEN VIA TRAIN STATION,,,,,,,,,,,,,,,
AZILDA,AZILDA STATION,AZILDA TRAIN STATION,AZILDA VIA RAIL STATION,AZILDA VIA RAIL TRAIN STATION,AZILDA VIA STATION,AZILDA VIA TRAIN STATION,,,,,,,,,,,,,,,
BATHURST,BATHURST STATION,BATHURST TRAIN STATION,BATHURST VIA RAIL STATION,BATHURST VIA RAIL TRAIN STATION,BATHURST VIA STATION,BATHURST VIA TRAIN STATION,,,,,,,,,,,,,,,
BELLEVILLE,BELLEVILLE STATION,BELLEVILLE TRAIN STATION,BELLEVILLE VIA RAIL STATION,BELLEVILLE VIA RAIL TRAIN STATION,BELLEVILLE VIA STATION,BELLEVILLE VIA TRAIN STATION,,,,,,,,,,,,,,,
BEND,BEND STATION,BEND TRAIN STATION,BEND VIA RAIL STATION,BEND VIA RAIL TRAIN STATION,BEND VIA STATION,BEND VIA TRAIN STATION,,,,,,,,,,,,,,,
BENNY,BENNY STATION,BENNY TRAIN STATION,BENNY VIA RAIL STATION,BENNY VIA RAIL TRAIN STATION,BENNY VIA STATION,BENNY VIA TRAIN STATION,,,,,,,,,,,,,,,
BIGGAR,BIGGAR STATION,BIGGAR TRAIN STATION,BIGGAR VIA RAIL STATION,BIGGAR VIA RAIL TRAIN STATION,BIGGAR VIA STATION,BIGGAR VIA TRAIN STATION,,,,,,,,,,,,,,,
BIMA,BIMA STATION,BIMA TRAIN STATION,BIMA VIA RAIL STATION,BIMA VIA RAIL TRAIN STATION,BIMA VIA STATION,BIMA VIA TRAIN STATION,,,,,,,,,,,,,,,
BIRD,BIRD STATION,BIRD TRAIN STATION,BIRD VIA RAIL STATION,BIRD VIA RAIL TRAIN STATION,BIRD VIA STATION,BIRD VIA TRAIN STATION,,,,,,,,,,,,,,,
BISCOTASING,BISCOTASING STATION,BISCOTASING TRAIN STATION,BISCOTASING VIA RAIL STATION,BISCOTASING VIA RAIL TRAIN STATION,BISCOTASING VIA STATION,BISCOTASING VIA TRAIN STATION,,,,,,,,,,,,,,,
BLUE RIVER,BLUE RIVER STATION,BLUE RIVER TRAIN STATION,BLUE RIVER VIA RAIL STATION,BLUE RIVER VIA RAIL TRAIN STATION,BLUE RIVER VIA STATION,BLUE RIVER VIA TRAIN STATION,,,,,,,,,,,,,,,
BOLGER,BOLGER STATION,BOLGER TRAIN STATION,BOLGER VIA RAIL STATION,BOLGER VIA RAIL TRAIN STATION,BOLGER VIA STATION,BOLGER VIA TRAIN STATION,,,,,,,,,,,,,,,
BOLKOW,BOLKOW STATION,BOLKOW TRAIN STATION,BOLKOW VIA RAIL STATION,BOLKOW VIA RAIL TRAIN STATION,BOLKOW VIA STATION,BOLKOW VIA TRAIN STATION,,,,,,,,,,,,,,,
BOSTON BAR,BOSTON BAR STATION,BOSTON BAR TRAIN STATION,BOSTON BAR VIA RAIL STATION,BOSTON BAR VIA RAIL TRAIN STATION,BOSTON BAR VIA STATION,BOSTON BAR VIA TRAIN STATION,,,,,,,,,,,,,,,
BOURMONT,BOURMONT STATION,BOURMONT TRAIN STATION,BOURMONT VIA RAIL STATION,BOURMONT VIA RAIL TRAIN STATION,BOURMONT VIA STATION,BOURMONT VIA TRAIN STATION,,,,,,,,,,,,,,,
BRAMPTON,BRAMPTON STATION,BRAMPTON TRAIN STATION,BRAMPTON VIA RAIL STATION,BRAMPTON VIA RAIL TRAIN STATION,BRAMPTON VIA STATION,BRAMPTON VIA TRAIN STATION,BRAMPTON GO TRAIN STATION,BRAMPTON GO STATION,,,,,,,,,,,,,
BRANTFORD,BRANTFORD STATION,BRANTFORD TRAIN STATION,BRANTFORD VIA RAIL STATION,BRANTFORD VIA RAIL TRAIN STATION,BRANTFORD VIA STATION,BRANTFORD VIA TRAIN STATION,,,,,,,,,,,,,,,
BRERETON LAKE,BRERETON LAKE STATION,BRERETON LAKE TRAIN STATION,BRERETON LAKE VIA RAIL STATION,BRERETON LAKE VIA RAIL TRAIN STATION,BRERETON LAKE VIA STATION,BRERETON LAKE VIA TRAIN STATION,,,,,,,,,,,,,,,
BRIDGAR,BRIDGAR STATION,BRIDGAR TRAIN STATION,BRIDGAR VIA RAIL STATION,BRIDGAR VIA RAIL TRAIN STATION,BRIDGAR VIA STATION,BRIDGAR VIA TRAIN STATION,,,,,,,,,,,,,,,
BROCKVILLE,BROCKVILLE STATION,BROCKVILLE TRAIN STATION,BROCKVILLE VIA RAIL STATION,BROCKVILLE VIA RAIL TRAIN STATION,BROCKVILLE VIA STATION,BROCKVILLE VIA TRAIN STATION,,,,,,,,,,,,,,,
BROOKS,BROOKS STATION,BROOKS TRAIN STATION,BROOKS VIA RAIL STATION,BROOKS VIA RAIL TRAIN STATION,BROOKS VIA STATION,BROOKS VIA TRAIN STATION,,,,,,,,,,,,,,,
BURNS LAKE,BURNS LAKE STATION,BURNS LAKE TRAIN STATION,BURNS LAKE VIA RAIL STATION,BURNS LAKE VIA RAIL TRAIN STATION,BURNS LAKE VIA STATION,BURNS LAKE VIA TRAIN STATION,,,,,,,,,,,,,,,
CAMPBELLTON,CAMPBELLTON STATION,CAMPBELLTON TRAIN STATION,CAMPBELLTON VIA RAIL STATION,CAMPBELLTON VIA RAIL TRAIN STATION,CAMPBELLTON VIA STATION,CAMPBELLTON VIA TRAIN STATION,,,,,,,,,,,,,,,
CANN,CANN STATION,CANN TRAIN STATION,CANN VIA RAIL STATION,CANN VIA RAIL TRAIN STATION,CANN VIA STATION,CANN VIA TRAIN STATION,,,,,,,,,,,,,,,
CANORA,CANORA STATION,CANORA TRAIN STATION,CANORA VIA RAIL STATION,CANORA VIA RAIL TRAIN STATION,CANORA VIA STATION,CANORA VIA TRAIN STATION,,,,,,,,,,,,,,,
CANYON,CANYON STATION,CANYON TRAIN STATION,CANYON VIA RAIL STATION,CANYON VIA RAIL TRAIN STATION,CANYON VIA STATION,CANYON VIA TRAIN STATION,,,,,,,,,,,,,,,
CAPREOL,CAPREOL STATION,CAPREOL TRAIN STATION,CAPREOL VIA RAIL STATION,CAPREOL VIA RAIL TRAIN STATION,CAPREOL VIA STATION,CAPREOL VIA TRAIN STATION,,,,,,,,,,,,,,,
CARAMAT,CARAMAT STATION,CARAMAT TRAIN STATION,CARAMAT VIA RAIL STATION,CARAMAT VIA RAIL TRAIN STATION,CARAMAT VIA STATION,CARAMAT VIA TRAIN STATION,,,,,,,,,,,,,,,
CARIBOU,CARIBOU STATION,CARIBOU TRAIN STATION,CARIBOU VIA RAIL STATION,CARIBOU VIA RAIL TRAIN STATION,CARIBOU VIA STATION,CARIBOU VIA TRAIN STATION,,,,,,,,,,,,,,,
CARTIER,CARTIER STATION,CARTIER TRAIN STATION,CARTIER VIA RAIL STATION,CARTIER VIA RAIL TRAIN STATION,CARTIER VIA STATION,CARTIER VIA TRAIN STATION,,,,,,,,,,,,,,,
CASEY,CASEY STATION,CASEY TRAIN STATION,CASEY VIA RAIL STATION,CASEY VIA RAIL TRAIN STATION,CASEY VIA STATION,CASEY VIA TRAIN STATION,,,,,,,,,,,,,,,
CASSELMAN,CASSELMAN STATION,CASSELMAN TRAIN STATION,CASSELMAN VIA RAIL STATION,CASSELMAN VIA RAIL TRAIN STATION,CASSELMAN VIA STATION,CASSELMAN VIA TRAIN STATION,,,,,,,,,,,,,,,
CAUSAPSCAL,CAUSAPSCAL STATION,CAUSAPSCAL TRAIN STATION,CAUSAPSCAL VIA RAIL STATION,CAUSAPSCAL VIA RAIL TRAIN STATION,CAUSAPSCAL VIA STATION,CAUSAPSCAL VIA TRAIN STATION,,,,,,,,,,,,,,,
CEDARVALE,CEDARVALE STATION,CEDARVALE TRAIN STATION,CEDARVALE VIA RAIL STATION,CEDARVALE VIA RAIL TRAIN STATION,CEDARVALE VIA STATION,CEDARVALE VIA TRAIN STATION,,,,,,,,,,,,,,,
CHAMBORD,CHAMBORD STATION,CHAMBORD TRAIN STATION,CHAMBORD VIA RAIL STATION,CHAMBORD VIA RAIL TRAIN STATION,CHAMBORD VIA STATION,CHAMBORD VIA TRAIN STATION,,,,,,,,,,,,,,,
Chapleau,Chapleau STATION,Chapleau TRAIN STATION,Chapleau VIA RAIL STATION,Chapleau VIA RAIL TRAIN STATION,Chapleau VIA STATION,Chapleau VIA TRAIN STATION,,,,,,,,,,,,,,,
CHARETTE,CHARETTE STATION,CHARETTE TRAIN STATION,CHARETTE VIA RAIL STATION,CHARETTE VIA RAIL TRAIN STATION,CHARETTE VIA STATION,CHARETTE VIA TRAIN STATION,,,,,,,,,,,,,,,
CHARLO,CHARLO STATION,CHARLO TRAIN STATION,CHARLO VIA RAIL STATION,CHARLO VIA RAIL TRAIN STATION,CHARLO VIA STATION,CHARLO VIA TRAIN STATION,,,,,,,,,,,,,,,
CHARNY,CHARNY STATION,CHARNY TRAIN STATION,CHARNY VIA RAIL STATION,CHARNY VIA RAIL TRAIN STATION,CHARNY VIA STATION,CHARNY VIA TRAIN STATION,,,,,,,,,,,,,,,
CHATHAM,CHATHAM STATION,CHATHAM TRAIN STATION,CHATHAM VIA RAIL STATION,CHATHAM VIA RAIL TRAIN STATION,CHATHAM VIA STATION,CHATHAM VIA TRAIN STATION,,,,,,,,,,,,,,,
CHELMSFORD,CHELMSFORD STATION,CHELMSFORD TRAIN STATION,CHELMSFORD VIA RAIL STATION,CHELMSFORD VIA RAIL TRAIN STATION,CHELMSFORD VIA STATION,CHELMSFORD VIA TRAIN STATION,,,,,,,,,,,,,,,
CHEROKEE,CHEROKEE STATION,CHEROKEE TRAIN STATION,CHEROKEE VIA RAIL STATION,CHEROKEE VIA RAIL TRAIN STATION,CHEROKEE VIA STATION,CHEROKEE VIA TRAIN STATION,,,,,,,,,,,,,,,
CHESNAYE,CHESNAYE STATION,CHESNAYE TRAIN STATION,CHESNAYE VIA RAIL STATION,CHESNAYE VIA RAIL TRAIN STATION,CHESNAYE VIA STATION,CHESNAYE VIA TRAIN STATION,,,,,,,,,,,,,,,
CHILLIWACK,CHILLIWACK STATION,CHILLIWACK TRAIN STATION,CHILLIWACK VIA RAIL STATION,CHILLIWACK VIA RAIL TRAIN STATION,CHILLIWACK VIA STATION,CHILLIWACK VIA TRAIN STATION,,,,,,,,,,,,,,,
CHURCHILL,CHURCHILL STATION,CHURCHILL TRAIN STATION,CHURCHILL VIA RAIL STATION,CHURCHILL VIA RAIL TRAIN STATION,CHURCHILL VIA STATION,CHURCHILL VIA TRAIN STATION,,,,,,,,,,,,,,,
CLEARWATER,CLEARWATER STATION,CLEARWATER TRAIN STATION,CLEARWATER VIA RAIL STATION,CLEARWATER VIA RAIL TRAIN STATION,CLEARWATER VIA STATION,CLEARWATER VIA TRAIN STATION,,,,,,,,,,,,,,,
CLOVA,CLOVA STATION,CLOVA TRAIN STATION,CLOVA VIA RAIL STATION,CLOVA VIA RAIL TRAIN STATION,CLOVA VIA STATION,CLOVA VIA TRAIN STATION,,,,,,,,,,,,,,,
CLUB BEAUDIN INC.,CLUB BEAUDIN INC. STATION,CLUB BEAUDIN INC. TRAIN STATION,CLUB BEAUDIN INC. VIA RAIL STATION,CLUB BEAUDIN INC. VIA RAIL TRAIN STATION,CLUB BEAUDIN INC. VIA STATION,CLUB BEAUDIN INC. VIA TRAIN STATION,,,,,,,,,,,,,,,
CLUB BELANGER,CLUB BELANGER STATION,CLUB BELANGER TRAIN STATION,CLUB BELANGER VIA RAIL STATION,CLUB BELANGER VIA RAIL TRAIN STATION,CLUB BELANGER VIA STATION,CLUB BELANGER VIA TRAIN STATION,,,,,,,,,,,,,,,
CLUB GRÉGOIRE,CLUB GRÉGOIRE STATION,CLUB GRÉGOIRE TRAIN STATION,CLUB GRÉGOIRE VIA RAIL STATION,CLUB GRÉGOIRE VIA RAIL TRAIN STATION,CLUB GRÉGOIRE VIA STATION,CLUB GRÉGOIRE VIA TRAIN STATION,,,,,,,,,,,,,,,
CLUB JACQUES-CARTIER,CLUB JACQUES-CARTIER STATION,CLUB JACQUES-CARTIER TRAIN STATION,CLUB JACQUES-CARTIER VIA RAIL STATION,CLUB JACQUES-CARTIER VIA RAIL TRAIN STATION,CLUB JACQUES-CARTIER VIA STATION,CLUB JACQUES-CARTIER VIA TRAIN STATION,,,,,,,,,,,,,,,
CLUB NICOLE,CLUB NICOLE STATION,CLUB NICOLE TRAIN STATION,CLUB NICOLE VIA RAIL STATION,CLUB NICOLE VIA RAIL TRAIN STATION,CLUB NICOLE VIA STATION,CLUB NICOLE VIA TRAIN STATION,,,,,,,,,,,,,,,
CLUB RITA INC.,CLUB RITA INC. STATION,CLUB RITA INC. TRAIN STATION,CLUB RITA INC. VIA RAIL STATION,CLUB RITA INC. VIA RAIL TRAIN STATION,CLUB RITA INC. VIA STATION,CLUB RITA INC. VIA TRAIN STATION,,,,,,,,,,,,,,,
CLUB VERMILLION,CLUB VERMILLION STATION,CLUB VERMILLION TRAIN STATION,CLUB VERMILLION VIA RAIL STATION,CLUB VERMILLION VIA RAIL TRAIN STATION,CLUB VERMILLION VIA STATION,CLUB VERMILLION VIA TRAIN STATION,,,,,,,,,,,,,,,
CLUB WIGWAM,CLUB WIGWAM STATION,CLUB WIGWAM TRAIN STATION,CLUB WIGWAM VIA RAIL STATION,CLUB WIGWAM VIA RAIL TRAIN STATION,CLUB WIGWAM VIA STATION,CLUB WIGWAM VIA TRAIN STATION,,,,,,,,,,,,,,,
COBOURG,COBOURG STATION,COBOURG TRAIN STATION,COBOURG VIA RAIL STATION,COBOURG VIA RAIL TRAIN STATION,COBOURG VIA STATION,COBOURG VIA TRAIN STATION,,,,,,,,,,,,,,,
COLLINS,COLLINS STATION,COLLINS TRAIN STATION,COLLINS VIA RAIL STATION,COLLINS VIA RAIL TRAIN STATION,COLLINS VIA STATION,COLLINS VIA TRAIN STATION,,,,,,,,,,,,,,,
CONSOLIDATED BATHURST,CONSOLIDATED BATHURST STATION,CONSOLIDATED BATHURST TRAIN STATION,CONSOLIDATED BATHURST VIA RAIL STATION,CONSOLIDATED BATHURST VIA RAIL TRAIN STATION,CONSOLIDATED BATHURST VIA STATION,CONSOLIDATED BATHURST VIA TRAIN STATION,,,,,,,,,,,,,,,
COPELANDS LANDING,COPELANDS LANDING STATION,COPELANDS LANDING TRAIN STATION,COPELANDS LANDING VIA RAIL STATION,COPELANDS LANDING VIA RAIL TRAIN STATION,COPELANDS LANDING VIA STATION,COPELANDS LANDING VIA TRAIN STATION,,,,,,,,,,,,,,,
COQUAR,COQUAR STATION,COQUAR TRAIN STATION,COQUAR VIA RAIL STATION,COQUAR VIA RAIL TRAIN STATION,COQUAR VIA STATION,COQUAR VIA TRAIN STATION,,,,,,,,,,,,,,,
CORMORANT,CORMORANT STATION,CORMORANT TRAIN STATION,CORMORANT VIA RAIL STATION,CORMORANT VIA RAIL TRAIN STATION,CORMORANT VIA STATION,CORMORANT VIA TRAIN STATION,,,,,,,,,,,,,,,
CORNWALL,CORNWALL STATION,CORNWALL TRAIN STATION,CORNWALL VIA RAIL STATION,CORNWALL VIA RAIL TRAIN STATION,CORNWALL VIA STATION,CORNWALL VIA TRAIN STATION,,,,,,,,,,,,,,,
COTEAU,COTEAU STATION,COTEAU TRAIN STATION,COTEAU VIA RAIL STATION,COTEAU VIA RAIL TRAIN STATION,COTEAU VIA STATION,COTEAU VIA TRAIN STATION,,,,,,,,,,,,,,,
COTEAU JCT,COTEAU JCT STATION,COTEAU JCT TRAIN STATION,COTEAU JCT VIA RAIL STATION,COTEAU JCT VIA RAIL TRAIN STATION,COTEAU JCT VIA STATION,COTEAU JCT VIA TRAIN STATION,,,,,,,,,,,,,,,
CRESSMAN,CRESSMAN STATION,CRESSMAN TRAIN STATION,CRESSMAN VIA RAIL STATION,CRESSMAN VIA RAIL TRAIN STATION,CRESSMAN VIA STATION,CRESSMAN VIA TRAIN STATION,,,,,,,,,,,,,,,
DALTON,DALTON STATION,DALTON TRAIN STATION,DALTON VIA RAIL STATION,DALTON VIA RAIL TRAIN STATION,DALTON VIA STATION,DALTON VIA TRAIN STATION,,,,,,,,,,,,,,,
DA-ROU-LAC LODGE,DA-ROU-LAC LODGE STATION,DA-ROU-LAC LODGE TRAIN STATION,DA-ROU-LAC LODGE VIA RAIL STATION,DA-ROU-LAC LODGE VIA RAIL TRAIN STATION,DA-ROU-LAC LODGE VIA STATION,DA-ROU-LAC LODGE VIA TRAIN STATION,,,,,,,,,,,,,,,
DAUPHIN,DAUPHIN STATION,DAUPHIN TRAIN STATION,DAUPHIN VIA RAIL STATION,DAUPHIN VIA RAIL TRAIN STATION,DAUPHIN VIA STATION,DAUPHIN VIA TRAIN STATION,,,,,,,,,,,,,,,
DERING,DERING STATION,DERING TRAIN STATION,DERING VIA RAIL STATION,DERING VIA RAIL TRAIN STATION,DERING VIA STATION,DERING VIA TRAIN STATION,,,,,,,,,,,,,,,
DESSANE,DESSANE STATION,DESSANE TRAIN STATION,DESSANE VIA RAIL STATION,DESSANE VIA RAIL TRAIN STATION,DESSANE VIA STATION,DESSANE VIA TRAIN STATION,,,,,,,,,,,,,,,
DEVON,DEVON STATION,DEVON TRAIN STATION,DEVON VIA RAIL STATION,DEVON VIA RAIL TRAIN STATION,DEVON VIA STATION,DEVON VIA TRAIN STATION,,,,,,,,,,,,,,,
DIX,DIX STATION,DIX TRAIN STATION,DIX VIA RAIL STATION,DIX VIA RAIL TRAIN STATION,DIX VIA STATION,DIX VIA TRAIN STATION,,,,,,,,,,,,,,,
DOME CREEK,DOME CREEK STATION,DOME CREEK TRAIN STATION,DOME CREEK VIA RAIL STATION,DOME CREEK VIA RAIL TRAIN STATION,DOME CREEK VIA STATION,DOME CREEK VIA TRAIN STATION,,,,,,,,,,,,,,,
DORREEN,DORREEN STATION,DORREEN TRAIN STATION,DORREEN VIA RAIL STATION,DORREEN VIA RAIL TRAIN STATION,DORREEN VIA STATION,DORREEN VIA TRAIN STATION,,,,,,,,,,,,,,,
DORVAL,DORVAL STATION,DORVAL TRAIN STATION,DORVAL VIA RAIL STATION,DORVAL VIA RAIL TRAIN STATION,DORVAL VIA STATION,DORVAL VIA TRAIN STATION,,,,,,,,,,,,,,,
DRUMMONDVILLE,DRUMMONDVILLE STATION,DRUMMONDVILLE TRAIN STATION,DRUMMONDVILLE VIA RAIL STATION,DRUMMONDVILLE VIA RAIL TRAIN STATION,DRUMMONDVILLE VIA STATION,DRUMMONDVILLE VIA TRAIN STATION,,,,,,,,,,,,,,,
DUNSTER,DUNSTER STATION,DUNSTER TRAIN STATION,DUNSTER VIA RAIL STATION,DUNSTER VIA RAIL TRAIN STATION,DUNSTER VIA STATION,DUNSTER VIA TRAIN STATION,,,,,,,,,,,,,,,
DUPLESSIS,DUPLESSIS STATION,DUPLESSIS TRAIN STATION,DUPLESSIS VIA RAIL STATION,DUPLESSIS VIA RAIL TRAIN STATION,DUPLESSIS VIA STATION,DUPLESSIS VIA TRAIN STATION,,,,,,,,,,,,,,,
DYCE,DYCE STATION,DYCE TRAIN STATION,DYCE VIA RAIL STATION,DYCE VIA RAIL TRAIN STATION,DYCE VIA STATION,DYCE VIA TRAIN STATION,,,,,,,,,,,,,,,
EDMONTON,EDMONTON STATION,EDMONTON TRAIN STATION,EDMONTON VIA RAIL STATION,EDMONTON VIA RAIL TRAIN STATION,EDMONTON VIA STATION,EDMONTON VIA TRAIN STATION,,,,,,,,,,,,,,,
EDSON,EDSON STATION,EDSON TRAIN STATION,EDSON VIA RAIL STATION,EDSON VIA RAIL TRAIN STATION,EDSON VIA STATION,EDSON VIA TRAIN STATION,,,,,,,,,,,,,,,
ELMA,ELMA STATION,ELMA TRAIN STATION,ELMA VIA RAIL STATION,ELMA VIA RAIL TRAIN STATION,ELMA VIA STATION,ELMA VIA TRAIN STATION,,,,,,,,,,,,,,,
ELSAS,ELSAS STATION,ELSAS TRAIN STATION,ELSAS VIA RAIL STATION,ELSAS VIA RAIL TRAIN STATION,ELSAS VIA STATION,ELSAS VIA TRAIN STATION,,,,,,,,,,,,,,,
ENDAKO,ENDAKO STATION,ENDAKO TRAIN STATION,ENDAKO VIA RAIL STATION,ENDAKO VIA RAIL TRAIN STATION,ENDAKO VIA STATION,ENDAKO VIA TRAIN STATION,,,,,,,,,,,,,,,
ENDEAVOUR,ENDEAVOUR STATION,ENDEAVOUR TRAIN STATION,ENDEAVOUR VIA RAIL STATION,ENDEAVOUR VIA RAIL TRAIN STATION,ENDEAVOUR VIA STATION,ENDEAVOUR VIA TRAIN STATION,,,,,,,,,,,,,,,
ESHER,ESHER STATION,ESHER TRAIN STATION,ESHER VIA RAIL STATION,ESHER VIA RAIL TRAIN STATION,ESHER VIA STATION,ESHER VIA TRAIN STATION,,,,,,,,,,,,,,,
EVANSBURG,EVANSBURG STATION,EVANSBURG TRAIN STATION,EVANSBURG VIA RAIL STATION,EVANSBURG VIA RAIL TRAIN STATION,EVANSBURG VIA STATION,EVANSBURG VIA TRAIN STATION,,,,,,,,,,,,,,,
FALLOWFIELD,FALLOWFIELD STATION,FALLOWFIELD TRAIN STATION,FALLOWFIELD VIA RAIL STATION,FALLOWFIELD VIA RAIL TRAIN STATION,FALLOWFIELD VIA STATION,FALLOWFIELD VIA TRAIN STATION,BARRHAVEN,BARRHAVEN STATION,BARRHAVEN TRAIN STATION,BARRHAVEN VIA RAIL STATION,BARRHAVEN VIA RAIL TRAIN STATION,BARRHAVEN VIA STATION,BARRHAVEN VIA TRAIN STATION,,,,,,,,
FALRIE,FALRIE STATION,FALRIE TRAIN STATION,FALRIE VIA RAIL STATION,FALRIE VIA RAIL TRAIN STATION,FALRIE VIA STATION,FALRIE VIA TRAIN STATION,,,,,,,,,,,,,,,
FARLANE,FARLANE STATION,FARLANE TRAIN STATION,FARLANE VIA RAIL STATION,FARLANE VIA RAIL TRAIN STATION,FARLANE VIA STATION,FARLANE VIA TRAIN STATION,,,,,,,,,,,,,,,
FELIX,FELIX STATION,FELIX TRAIN STATION,FELIX VIA RAIL STATION,FELIX VIA RAIL TRAIN STATION,FELIX VIA STATION,FELIX VIA TRAIN STATION,,,,,,,,,,,,,,,
FERGUSON,FERGUSON STATION,FERGUSON TRAIN STATION,FERGUSON VIA RAIL STATION,FERGUSON VIA RAIL TRAIN STATION,FERGUSON VIA STATION,FERGUSON VIA TRAIN STATION,,,,,,,,,,,,,,,
FERLAND,FERLAND STATION,FERLAND TRAIN STATION,FERLAND VIA RAIL STATION,FERLAND VIA RAIL TRAIN STATION,FERLAND VIA STATION,FERLAND VIA TRAIN STATION,,,,,,,,,,,,,,,
FITZPATRICK,FITZPATRICK STATION,FITZPATRICK TRAIN STATION,FITZPATRICK VIA RAIL STATION,FITZPATRICK VIA RAIL TRAIN STATION,FITZPATRICK VIA STATION,FITZPATRICK VIA TRAIN STATION,,,,,,,,,,,,,,,
FLINDT LANDING,FLINDT LANDING STATION,FLINDT LANDING TRAIN STATION,FLINDT LANDING VIA RAIL STATION,FLINDT LANDING VIA RAIL TRAIN STATION,FLINDT LANDING VIA STATION,FLINDT LANDING VIA TRAIN STATION,,,,,,,,,,,,,,,
FOLEYET,FOLEYET STATION,FOLEYET TRAIN STATION,FOLEYET VIA RAIL STATION,FOLEYET VIA RAIL TRAIN STATION,FOLEYET VIA STATION,FOLEYET VIA TRAIN STATION,,,,,,,,,,,,,,,
FORSYTHE,FORSYTHE STATION,FORSYTHE TRAIN STATION,FORSYTHE VIA RAIL STATION,FORSYTHE VIA RAIL TRAIN STATION,FORSYTHE VIA STATION,FORSYTHE VIA TRAIN STATION,,,,,,,,,,,,,,,
FORT FRASER,FORT FRASER STATION,FORT FRASER TRAIN STATION,FORT FRASER VIA RAIL STATION,FORT FRASER VIA RAIL TRAIN STATION,FORT FRASER VIA STATION,FORT FRASER VIA TRAIN STATION,,,,,,,,,,,,,,,
FRANZ,FRANZ STATION,FRANZ TRAIN STATION,FRANZ VIA RAIL STATION,FRANZ VIA RAIL TRAIN STATION,FRANZ VIA STATION,FRANZ VIA TRAIN STATION,,,,,,,,,,,,,,,
GAGNON,GAGNON STATION,GAGNON TRAIN STATION,GAGNON VIA RAIL STATION,GAGNON VIA RAIL TRAIN STATION,GAGNON VIA STATION,GAGNON VIA TRAIN STATION,,,,,,,,,,,,,,,
GANANOQUE,GANANOQUE STATION,GANANOQUE TRAIN STATION,GANANOQUE VIA RAIL STATION,GANANOQUE VIA RAIL TRAIN STATION,GANANOQUE VIA STATION,GANANOQUE VIA TRAIN STATION,,,,,,,,,,,,,,,
GARNEAU,GARNEAU STATION,GARNEAU TRAIN STATION,GARNEAU VIA RAIL STATION,GARNEAU VIA RAIL TRAIN STATION,GARNEAU VIA STATION,GARNEAU VIA TRAIN STATION,,,,,,,,,,,,,,,
GEORGETOWN,GEORGETOWN STATION,GEORGETOWN TRAIN STATION,GEORGETOWN VIA RAIL STATION,GEORGETOWN VIA RAIL TRAIN STATION,GEORGETOWN VIA STATION,GEORGETOWN VIA TRAIN STATION,GEORGETOWN GO STATION,GEORGETOWN GO TRAIN STATION,,,,,,,,,,,,,
GILBERT PLAINS,GILBERT PLAINS STATION,GILBERT PLAINS TRAIN STATION,GILBERT PLAINS VIA RAIL STATION,GILBERT PLAINS VIA RAIL TRAIN STATION,GILBERT PLAINS VIA STATION,GILBERT PLAINS VIA TRAIN STATION,,,,,,,,,,,,,,,
GILLAM,GILLAM STATION,GILLAM TRAIN STATION,GILLAM VIA RAIL STATION,GILLAM VIA RAIL TRAIN STATION,GILLAM VIA STATION,GILLAM VIA TRAIN STATION,,,,,,,,,,,,,,,
GIRDWOOD,GIRDWOOD STATION,GIRDWOOD TRAIN STATION,GIRDWOOD VIA RAIL STATION,GIRDWOOD VIA RAIL TRAIN STATION,GIRDWOOD VIA STATION,GIRDWOOD VIA TRAIN STATION,,,,,,,,,,,,,,,
GLADSTONE,GLADSTONE STATION,GLADSTONE TRAIN STATION,GLADSTONE VIA RAIL STATION,GLADSTONE VIA RAIL TRAIN STATION,GLADSTONE VIA STATION,GLADSTONE VIA TRAIN STATION,,,,,,,,,,,,,,,
GLENCOE,GLENCOE STATION,GLENCOE TRAIN STATION,GLENCOE VIA RAIL STATION,GLENCOE VIA RAIL TRAIN STATION,GLENCOE VIA STATION,GLENCOE VIA TRAIN STATION,,,,,,,,,,,,,,,
GLENELLA,GLENELLA STATION,GLENELLA TRAIN STATION,GLENELLA VIA RAIL STATION,GLENELLA VIA RAIL TRAIN STATION,GLENELLA VIA STATION,GLENELLA VIA TRAIN STATION,,,,,,,,,,,,,,,
GOAT RIVER,GOAT RIVER STATION,GOAT RIVER TRAIN STATION,GOAT RIVER VIA RAIL STATION,GOAT RIVER VIA RAIL TRAIN STATION,GOAT RIVER VIA STATION,GOAT RIVER VIA TRAIN STATION,,,,,,,,,,,,,,,
GOGAMA,GOGAMA STATION,GOGAMA TRAIN STATION,GOGAMA VIA RAIL STATION,GOGAMA VIA RAIL TRAIN STATION,GOGAMA VIA STATION,GOGAMA VIA TRAIN STATION,,,,,,,,,,,,,,,
GRAND-MÈRE,GRAND-MÈRE STATION,GRAND-MÈRE TRAIN STATION,GRAND-MÈRE VIA RAIL STATION,GRAND-MÈRE VIA RAIL TRAIN STATION,GRAND-MÈRE VIA STATION,GRAND-MÈRE VIA TRAIN STATION,,,,,,,,,,,,,,,
GRANDVIEW,GRANDVIEW STATION,GRANDVIEW TRAIN STATION,GRANDVIEW VIA RAIL STATION,GRANDVIEW VIA RAIL TRAIN STATION,GRANDVIEW VIA STATION,GRANDVIEW VIA TRAIN STATION,,,,,,,,,,,,,,,
GREENING,GREENING STATION,GREENING TRAIN STATION,GREENING VIA RAIL STATION,GREENING VIA RAIL TRAIN STATION,GREENING VIA STATION,GREENING VIA TRAIN STATION,,,,,,,,,,,,,,,
GRIMSBY,GRIMSBY STATION,GRIMSBY TRAIN STATION,GRIMSBY VIA RAIL STATION,GRIMSBY VIA RAIL TRAIN STATION,GRIMSBY VIA STATION,GRIMSBY VIA TRAIN STATION,GRIMSBY GO STATION,GRIMSBY GO TRAIN STATION,,,,,,,,,,,,,
GUELPH,GUELPH STATION,GUELPH TRAIN STATION,GUELPH VIA RAIL STATION,GUELPH VIA RAIL TRAIN STATION,GUELPH VIA STATION,GUELPH VIA TRAIN STATION,GUELPH GO STATION,GUELPH GO TRAIN STATION,,,,,,,,,,,,,
GUILDWOOD,GUILDWOOD STATION,GUILDWOOD TRAIN STATION,GUILDWOOD VIA RAIL STATION,GUILDWOOD VIA RAIL TRAIN STATION,GUILDWOOD VIA STATION,GUILDWOOD VIA TRAIN STATION,GUILDWOOD GO STATION,GUILDWOOD GO TRAIN STATION,,,,,,,,,,,,,
HALCROW,HALCROW STATION,HALCROW TRAIN STATION,HALCROW VIA RAIL STATION,HALCROW VIA RAIL TRAIN STATION,HALCROW VIA STATION,HALCROW VIA TRAIN STATION,,,,,,,,,,,,,,,
HALIFAX,HALIFAX STATION,HALIFAX TRAIN STATION,HALIFAX VIA RAIL STATION,HALIFAX VIA RAIL TRAIN STATION,HALIFAX VIA STATION,HALIFAX VIA TRAIN STATION,,,,,,,,,,,,,,,
HARVEY,HARVEY STATION,HARVEY TRAIN STATION,HARVEY VIA RAIL STATION,HARVEY VIA RAIL TRAIN STATION,HARVEY VIA STATION,HARVEY VIA TRAIN STATION,,,,,,,,,,,,,,,
HÉBERTVILLE,HÉBERTVILLE STATION,HÉBERTVILLE TRAIN STATION,HÉBERTVILLE VIA RAIL STATION,HÉBERTVILLE VIA RAIL TRAIN STATION,HÉBERTVILLE VIA STATION,HÉBERTVILLE VIA TRAIN STATION,,,,,,,,,,,,,,,
HERCHMER,HERCHMER STATION,HERCHMER TRAIN STATION,HERCHMER VIA RAIL STATION,HERCHMER VIA RAIL TRAIN STATION,HERCHMER VIA STATION,HERCHMER VIA TRAIN STATION,,,,,,,,,,,,,,,
HERVEY,HERVEY STATION,HERVEY TRAIN STATION,HERVEY VIA RAIL STATION,HERVEY VIA RAIL TRAIN STATION,HERVEY VIA STATION,HERVEY VIA TRAIN STATION,,,,,,,,,,,,,,,
HIBBARD,HIBBARD STATION,HIBBARD TRAIN STATION,HIBBARD VIA RAIL STATION,HIBBARD VIA RAIL TRAIN STATION,HIBBARD VIA STATION,HIBBARD VIA TRAIN STATION,,,,,,,,,,,,,,,
HILLSPORT,HILLSPORT STATION,HILLSPORT TRAIN STATION,HILLSPORT VIA RAIL STATION,HILLSPORT VIA RAIL TRAIN STATION,HILLSPORT VIA STATION,HILLSPORT VIA TRAIN STATION,,,,,,,,,,,,,,,
HINTON,HINTON STATION,HINTON TRAIN STATION,HINTON VIA RAIL STATION,HINTON VIA RAIL TRAIN STATION,HINTON VIA STATION,HINTON VIA TRAIN STATION,,,,,,,,,,,,,,,
HIRONDELLE,HIRONDELLE STATION,HIRONDELLE TRAIN STATION,HIRONDELLE VIA RAIL STATION,HIRONDELLE VIA RAIL TRAIN STATION,HIRONDELLE VIA STATION,HIRONDELLE VIA TRAIN STATION,,,,,,,,,,,,,,,
HOCKIN,HOCKIN STATION,HOCKIN TRAIN STATION,HOCKIN VIA RAIL STATION,HOCKIN VIA RAIL TRAIN STATION,HOCKIN VIA STATION,HOCKIN VIA TRAIN STATION,,,,,,,,,,,,,,,
HOPE,HOPE STATION,HOPE TRAIN STATION,HOPE VIA RAIL STATION,HOPE VIA RAIL TRAIN STATION,HOPE VIA STATION,HOPE VIA TRAIN STATION,,,,,,,,,,,,,,,
HORNEPAYNE,HORNEPAYNE STATION,HORNEPAYNE TRAIN STATION,HORNEPAYNE VIA RAIL STATION,HORNEPAYNE VIA RAIL TRAIN STATION,HORNEPAYNE VIA STATION,HORNEPAYNE VIA TRAIN STATION,,,,,,,,,,,,,,,
HOUSTON,HOUSTON STATION,HOUSTON TRAIN STATION,HOUSTON VIA RAIL STATION,HOUSTON VIA RAIL TRAIN STATION,HOUSTON VIA STATION,HOUSTON VIA TRAIN STATION,,,,,,,,,,,,,,,
HUDSON BAY,HUDSON BAY STATION,HUDSON BAY TRAIN STATION,HUDSON BAY VIA RAIL STATION,HUDSON BAY VIA RAIL TRAIN STATION,HUDSON BAY VIA STATION,HUDSON BAY VIA TRAIN STATION,,,,,,,,,,,,,,,
HUTTON,HUTTON STATION,HUTTON TRAIN STATION,HUTTON VIA RAIL STATION,HUTTON VIA RAIL TRAIN STATION,HUTTON VIA STATION,HUTTON VIA TRAIN STATION,,,,,,,,,,,,,,,
ILFORD,ILFORD STATION,ILFORD TRAIN STATION,ILFORD VIA RAIL STATION,ILFORD VIA RAIL TRAIN STATION,ILFORD VIA STATION,ILFORD VIA TRAIN STATION,,,,,,,,,,,,,,,
INGERSOLL,INGERSOLL STATION,INGERSOLL TRAIN STATION,INGERSOLL VIA RAIL STATION,INGERSOLL VIA RAIL TRAIN STATION,INGERSOLL VIA STATION,INGERSOLL VIA TRAIN STATION,,,,,,,,,,,,,,,
IROQUOIS CLUB,IROQUOIS CLUB STATION,IROQUOIS CLUB TRAIN STATION,IROQUOIS CLUB VIA RAIL STATION,IROQUOIS CLUB VIA RAIL TRAIN STATION,IROQUOIS CLUB VIA STATION,IROQUOIS CLUB VIA TRAIN STATION,CLUB-IROQUOIS,CLUB-IROQUOIS STATION,CLUB-IROQUOIS TRAIN STATION,CLUB-IROQUOIS VIA RAIL STATION,CLUB-IROQUOIS VIA RAIL TRAIN STATION,CLUB-IROQUOIS VIA STATION,CLUB-IROQUOIS VIA TRAIN STATION,,,,,,,,
JACQUET RIVER,JACQUET RIVER STATION,JACQUET RIVER TRAIN STATION,JACQUET RIVER VIA RAIL STATION,JACQUET RIVER VIA RAIL TRAIN STATION,JACQUET RIVER VIA STATION,JACQUET RIVER VIA TRAIN STATION,,,,,,,,,,,,,,,
JASPER,JASPER STATION,JASPER TRAIN STATION,JASPER VIA RAIL STATION,JASPER VIA RAIL TRAIN STATION,JASPER VIA STATION,JASPER VIA TRAIN STATION,,,,,,,,,,,,,,,
JOLIETTE,JOLIETTE STATION,JOLIETTE TRAIN STATION,JOLIETTE VIA RAIL STATION,JOLIETTE VIA RAIL TRAIN STATION,JOLIETTE VIA STATION,JOLIETTE VIA TRAIN STATION,,,,,,,,,,,,,,,
JONQUIÈRE,JONQUIÈRE STATION,JONQUIÈRE TRAIN STATION,JONQUIÈRE VIA RAIL STATION,JONQUIÈRE VIA RAIL TRAIN STATION,JONQUIÈRE VIA STATION,JONQUIÈRE VIA TRAIN STATION,,,,,,,,,,,,,,,
KAMLOOPS NORTH,KAMLOOPS NORTH STATION,KAMLOOPS NORTH TRAIN STATION,KAMLOOPS NORTH VIA RAIL STATION,KAMLOOPS NORTH VIA RAIL TRAIN STATION,KAMLOOPS NORTH VIA STATION,KAMLOOPS NORTH VIA TRAIN STATION,KAMLOOPS,KAMLOOPS STATION,KAMLOOPS TRAIN STATION,KAMLOOPS VIA RAIL STATION,KAMLOOPS VIA RAIL TRAIN STATION,KAMLOOPS VIA STATION,KAMLOOPS VIA TRAIN STATION,,,,,,,,
KAMSACK,KAMSACK STATION,KAMSACK TRAIN STATION,KAMSACK VIA RAIL STATION,KAMSACK VIA RAIL TRAIN STATION,KAMSACK VIA STATION,KAMSACK VIA TRAIN STATION,,,,,,,,,,,,,,,
KAPITACHUAN CLUB,KAPITACHUAN CLUB STATION,KAPITACHUAN CLUB TRAIN STATION,KAPITACHUAN CLUB VIA RAIL STATION,KAPITACHUAN CLUB VIA RAIL TRAIN STATION,KAPITACHUAN CLUB VIA STATION,KAPITACHUAN CLUB VIA TRAIN STATION,CLUB KAPITACHUAN,CLUB KAPITACHUAN STATION,CLUB KAPITACHUAN TRAIN STATION,CLUB KAPITACHUAN VIA RAIL STATION,CLUB KAPITACHUAN VIA RAIL TRAIN STATION,CLUB KAPITACHUAN VIA STATION,CLUB KAPITACHUAN VIA TRAIN STATION,,,,,,,,
KATZ,KATZ STATION,KATZ TRAIN STATION,KATZ VIA RAIL STATION,KATZ VIA RAIL TRAIN STATION,KATZ VIA STATION,KATZ VIA TRAIN STATION,,,,,,,,,,,,,,,
KINGSTON,KINGSTON STATION,KINGSTON TRAIN STATION,KINGSTON VIA RAIL STATION,KINGSTON VIA RAIL TRAIN STATION,KINGSTON VIA STATION,KINGSTON VIA TRAIN STATION,,,,,,,,,,,,,,,
KINOGAMA,KINOGAMA STATION,KINOGAMA TRAIN STATION,KINOGAMA VIA RAIL STATION,KINOGAMA VIA RAIL TRAIN STATION,KINOGAMA VIA STATION,KINOGAMA VIA TRAIN STATION,,,,,,,,,,,,,,,
KISKISSINK,KISKISSINK STATION,KISKISSINK TRAIN STATION,KISKISSINK VIA RAIL STATION,KISKISSINK VIA RAIL TRAIN STATION,KISKISSINK VIA STATION,KISKISSINK VIA TRAIN STATION,,,,,,,,,,,,,,,
KITCHENER,KITCHENER STATION,KITCHENER TRAIN STATION,KITCHENER VIA RAIL STATION,KITCHENER VIA RAIL TRAIN STATION,KITCHENER VIA STATION,KITCHENER VIA TRAIN STATION,KITCHENER GO STATION,KITCHENER GO TRAIN STATION,,,,,,,,,,,,,
KITWANGA,KITWANGA STATION,KITWANGA TRAIN STATION,KITWANGA VIA RAIL STATION,KITWANGA VIA RAIL TRAIN STATION,KITWANGA VIA STATION,KITWANGA VIA TRAIN STATION,,,,,,,,,,,,,,,
KONDIARONK,KONDIARONK STATION,KONDIARONK TRAIN STATION,KONDIARONK VIA RAIL STATION,KONDIARONK VIA RAIL TRAIN STATION,KONDIARONK VIA STATION,KONDIARONK VIA TRAIN STATION,,,,,,,,,,,,,,,
KORMAK,KORMAK STATION,KORMAK TRAIN STATION,KORMAK VIA RAIL STATION,KORMAK VIA RAIL TRAIN STATION,KORMAK VIA STATION,KORMAK VIA TRAIN STATION,,,,,,,,,,,,,,,
KWINITSA,KWINITSA STATION,KWINITSA TRAIN STATION,KWINITSA VIA RAIL STATION,KWINITSA VIA RAIL TRAIN STATION,KWINITSA VIA STATION,KWINITSA VIA TRAIN STATION,,,,,,,,,,,,,,,
LA POCATIÈRE,LA POCATIÈRE STATION,LA POCATIÈRE TRAIN STATION,LA POCATIÈRE VIA RAIL STATION,LA POCATIÈRE VIA RAIL TRAIN STATION,LA POCATIÈRE VIA STATION,LA POCATIÈRE VIA TRAIN STATION,,,,,,,,,,,,,,,
LA TUQUE,LA TUQUE STATION,LA TUQUE TRAIN STATION,LA TUQUE VIA RAIL STATION,LA TUQUE VIA RAIL TRAIN STATION,LA TUQUE VIA STATION,LA TUQUE VIA TRAIN STATION,,,,,,,,,,,,,,,
LAC DES ROCHES,LAC DES ROCHES STATION,LAC DES ROCHES TRAIN STATION,LAC DES ROCHES VIA RAIL STATION,LAC DES ROCHES VIA RAIL TRAIN STATION,LAC DES ROCHES VIA STATION,LAC DES ROCHES VIA TRAIN STATION,,,,,,,,,,,,,,,
LAC MALOUIN,LAC MALOUIN STATION,LAC MALOUIN TRAIN STATION,LAC MALOUIN VIA RAIL STATION,LAC MALOUIN VIA RAIL TRAIN STATION,LAC MALOUIN VIA STATION,LAC MALOUIN VIA TRAIN STATION,,,,,,,,,,,,,,,
LAC-BOUCHETTE,LAC-BOUCHETTE STATION,LAC-BOUCHETTE TRAIN STATION,LAC-BOUCHETTE VIA RAIL STATION,LAC-BOUCHETTE VIA RAIL TRAIN STATION,LAC-BOUCHETTE VIA STATION,LAC-BOUCHETTE VIA TRAIN STATION,,,,,,,,,,,,,,,
LAC-DAREY,LAC-DAREY STATION,LAC-DAREY TRAIN STATION,LAC-DAREY VIA RAIL STATION,LAC-DAREY VIA RAIL TRAIN STATION,LAC-DAREY VIA STATION,LAC-DAREY VIA TRAIN STATION,,,,,,,,,,,,,,,
LAC-ÉDOUARD,LAC-ÉDOUARD STATION,LAC-ÉDOUARD TRAIN STATION,LAC-ÉDOUARD VIA RAIL STATION,LAC-ÉDOUARD VIA RAIL TRAIN STATION,LAC-ÉDOUARD VIA STATION,LAC-ÉDOUARD VIA TRAIN STATION,,,,,,,,,,,,,,,
LAFOREST,LAFOREST STATION,LAFOREST TRAIN STATION,LAFOREST VIA RAIL STATION,LAFOREST VIA RAIL TRAIN STATION,LAFOREST VIA STATION,LAFOREST VIA TRAIN STATION,,,,,,,,,,,,,,,
LANGLADE,LANGLADE STATION,LANGLADE TRAIN STATION,LANGLADE VIA RAIL STATION,LANGLADE VIA RAIL TRAIN STATION,LANGLADE VIA STATION,LANGLADE VIA TRAIN STATION,,,,,,,,,,,,,,,
LAPOCATIÈRE,LAPOCATIÈRE STATION,LAPOCATIÈRE TRAIN STATION,LAPOCATIÈRE VIA RAIL STATION,LAPOCATIÈRE VIA RAIL TRAIN STATION,LAPOCATIÈRE VIA STATION,LAPOCATIÈRE VIA TRAIN STATION,,,,,,,,,,,,,,,
LARCHWOOD,LARCHWOOD STATION,LARCHWOOD TRAIN STATION,LARCHWOOD VIA RAIL STATION,LARCHWOOD VIA RAIL TRAIN STATION,LARCHWOOD VIA STATION,LARCHWOOD VIA TRAIN STATION,,,,,,,,,,,,,,,
L'ASSOMPTION,L'ASSOMPTION STATION,L'ASSOMPTION TRAIN STATION,L'ASSOMPTION VIA RAIL STATION,L'ASSOMPTION VIA RAIL TRAIN STATION,L'ASSOMPTION VIA STATION,L'ASSOMPTION VIA TRAIN STATION,,,,,,,,,,,,,,,
LAURIER,LAURIER STATION,LAURIER TRAIN STATION,LAURIER VIA RAIL STATION,LAURIER VIA RAIL TRAIN STATION,LAURIER VIA STATION,LAURIER VIA TRAIN STATION,,,,,,,,,,,,,,,
LE GARDEUR,LE GARDEUR STATION,LE GARDEUR TRAIN STATION,LE GARDEUR VIA RAIL STATION,LE GARDEUR VIA RAIL TRAIN STATION,LE GARDEUR VIA STATION,LE GARDEUR VIA TRAIN STATION,,,,,,,,,,,,,,,
LEVACK,LEVACK STATION,LEVACK TRAIN STATION,LEVACK VIA RAIL STATION,LEVACK VIA RAIL TRAIN STATION,LEVACK VIA STATION,LEVACK VIA TRAIN STATION,,,,,,,,,,,,,,,
LEVEN,LEVEN STATION,LEVEN TRAIN STATION,LEVEN VIA RAIL STATION,LEVEN VIA RAIL TRAIN STATION,LEVEN VIA STATION,LEVEN VIA TRAIN STATION,,,,,,,,,,,,,,,
LIZOTTE CLUB,LIZOTTE CLUB STATION,LIZOTTE CLUB TRAIN STATION,LIZOTTE CLUB VIA RAIL STATION,LIZOTTE CLUB VIA RAIL TRAIN STATION,LIZOTTE CLUB VIA STATION,LIZOTTE CLUB VIA TRAIN STATION,CLUB LIZOTTE,CLUB LIZOTTE STATION,CLUB LIZOTTE TRAIN STATION,CLUB LIZOTTE VIA RAIL STATION,CLUB LIZOTTE VIA RAIL TRAIN STATION,CLUB LIZOTTE VIA STATION,CLUB LIZOTTE VIA TRAIN STATION,,,,,,,,
LOCHALSH,LOCHALSH STATION,LOCHALSH TRAIN STATION,LOCHALSH VIA RAIL STATION,LOCHALSH VIA RAIL TRAIN STATION,LOCHALSH VIA STATION,LOCHALSH VIA TRAIN STATION,,,,,,,,,,,,,,,
LONDON,LONDON STATION,LONDON TRAIN STATION,LONDON VIA RAIL STATION,LONDON VIA RAIL TRAIN STATION,LONDON VIA STATION,LONDON VIA TRAIN STATION,,,,,,,,,,,,,,,
LONGLAC,LONGLAC STATION,LONGLAC TRAIN STATION,LONGLAC VIA RAIL STATION,LONGLAC VIA RAIL TRAIN STATION,LONGLAC VIA STATION,LONGLAC VIA TRAIN STATION,,,,,,,,,,,,,,,
LONGWORTH,LONGWORTH STATION,LONGWORTH TRAIN STATION,LONGWORTH VIA RAIL STATION,LONGWORTH VIA RAIL TRAIN STATION,LONGWORTH VIA STATION,LONGWORTH VIA TRAIN STATION,,,,,,,,,,,,,,,
LOOS,LOOS STATION,LOOS TRAIN STATION,LOOS VIA RAIL STATION,LOOS VIA RAIL TRAIN STATION,LOOS VIA STATION,LOOS VIA TRAIN STATION,,,,,,,,,,,,,,,
LYDDAL,LYDDAL STATION,LYDDAL TRAIN STATION,LYDDAL VIA RAIL STATION,LYDDAL VIA RAIL TRAIN STATION,LYDDAL VIA STATION,LYDDAL VIA TRAIN STATION,,,,,,,,,,,,,,,
MALACHI,MALACHI STATION,MALACHI TRAIN STATION,MALACHI VIA RAIL STATION,MALACHI VIA RAIL TRAIN STATION,MALACHI VIA STATION,MALACHI VIA TRAIN STATION,,,,,,,,,,,,,,,
MALTON,MALTON STATION,MALTON TRAIN STATION,MALTON VIA RAIL STATION,MALTON VIA RAIL TRAIN STATION,MALTON VIA STATION,MALTON VIA TRAIN STATION,,,,,,,,,,,,,,,
MANIWAWA CLUB,MANIWAWA CLUB STATION,MANIWAWA CLUB TRAIN STATION,MANIWAWA CLUB VIA RAIL STATION,MANIWAWA CLUB VIA RAIL TRAIN STATION,MANIWAWA CLUB VIA STATION,MANIWAWA CLUB VIA TRAIN STATION,CLUB MANIWAWA,CLUB MANIWAWA STATION,CLUB MANIWAWA TRAIN STATION,CLUB MANIWAWA VIA RAIL STATION,CLUB MANIWAWA VIA RAIL TRAIN STATION,CLUB MANIWAWA VIA STATION,CLUB MANIWAWA VIA TRAIN STATION,,,,,,,,
MANJOBAGUES,MANJOBAGUES STATION,MANJOBAGUES TRAIN STATION,MANJOBAGUES VIA RAIL STATION,MANJOBAGUES VIA RAIL TRAIN STATION,MANJOBAGUES VIA STATION,MANJOBAGUES VIA TRAIN STATION,,,,,,,,,,,,,,,
MATAPEDIA,MATAPEDIA STATION,MATAPEDIA TRAIN STATION,MATAPEDIA VIA RAIL STATION,MATAPEDIA VIA RAIL TRAIN STATION,MATAPEDIA VIA STATION,MATAPEDIA VIA TRAIN STATION,,,,,,,,,,,,,,,
MCBRIDE,MCBRIDE STATION,MCBRIDE TRAIN STATION,MCBRIDE VIA RAIL STATION,MCBRIDE VIA RAIL TRAIN STATION,MCBRIDE VIA STATION,MCBRIDE VIA TRAIN STATION,,,,,,,,,,,,,,,
MCCARTHY,MCCARTHY STATION,MCCARTHY TRAIN STATION,MCCARTHY VIA RAIL STATION,MCCARTHY VIA RAIL TRAIN STATION,MCCARTHY VIA STATION,MCCARTHY VIA TRAIN STATION,,,,,,,,,,,,,,,
MCCREARY,MCCREARY STATION,MCCREARY TRAIN STATION,MCCREARY VIA RAIL STATION,MCCREARY VIA RAIL TRAIN STATION,MCCREARY VIA STATION,MCCREARY VIA TRAIN STATION,,,,,,,,,,,,,,,
MCGREGOR,MCGREGOR STATION,MCGREGOR TRAIN STATION,MCGREGOR VIA RAIL STATION,MCGREGOR VIA RAIL TRAIN STATION,MCGREGOR VIA STATION,MCGREGOR VIA TRAIN STATION,,,,,,,,,,,,,,,
MCKEE'S CAMP,MCKEE'S CAMP STATION,MCKEE'S CAMP TRAIN STATION,MCKEE'S CAMP VIA RAIL STATION,MCKEE'S CAMP VIA RAIL TRAIN STATION,MCKEE'S CAMP VIA STATION,MCKEE'S CAMP VIA TRAIN STATION,,,,,,,,,,,,,,,
M'CLINTOCK,M'CLINTOCK STATION,M'CLINTOCK TRAIN STATION,M'CLINTOCK VIA RAIL STATION,M'CLINTOCK VIA RAIL TRAIN STATION,M'CLINTOCK VIA STATION,M'CLINTOCK VIA TRAIN STATION,,,,,,,,,,,,,,,
MCTAVISH CLUB,MCTAVISH CLUB STATION,MCTAVISH CLUB TRAIN STATION,MCTAVISH CLUB VIA RAIL STATION,MCTAVISH CLUB VIA RAIL TRAIN STATION,MCTAVISH CLUB VIA STATION,MCTAVISH CLUB VIA TRAIN STATION,MCTAVISH,MCTAVISH STATION,MCTAVISH TRAIN STATION,MCTAVISH VIA RAIL STATION,MCTAVISH VIA RAIL TRAIN STATION,MCTAVISH VIA STATION,MCTAVISH VIA TRAIN STATION,,,,,,,,
MÉGISCANE,MÉGISCANE STATION,MÉGISCANE TRAIN STATION,MÉGISCANE VIA RAIL STATION,MÉGISCANE VIA RAIL TRAIN STATION,MÉGISCANE VIA STATION,MÉGISCANE VIA TRAIN STATION,,,,,,,,,,,,,,,
MELVILLE,MELVILLE STATION,MELVILLE TRAIN STATION,MELVILLE VIA RAIL STATION,MELVILLE VIA RAIL TRAIN STATION,MELVILLE VIA STATION,MELVILLE VIA TRAIN STATION,,,,,,,,,,,,,,,
METAGAMA,METAGAMA STATION,METAGAMA TRAIN STATION,METAGAMA VIA RAIL STATION,METAGAMA VIA RAIL TRAIN STATION,METAGAMA VIA STATION,METAGAMA VIA TRAIN STATION,,,,,,,,,,,,,,,
MIKADO,MIKADO STATION,MIKADO TRAIN STATION,MIKADO VIA RAIL STATION,MIKADO VIA RAIL TRAIN STATION,MIKADO VIA STATION,MIKADO VIA TRAIN STATION,,,,,,,,,,,,,,,
MINAKI,MINAKI STATION,MINAKI TRAIN STATION,MINAKI VIA RAIL STATION,MINAKI VIA RAIL TRAIN STATION,MINAKI VIA STATION,MINAKI VIA TRAIN STATION,,,,,,,,,,,,,,,
MIQUICK,MIQUICK STATION,MIQUICK TRAIN STATION,MIQUICK VIA RAIL STATION,MIQUICK VIA RAIL TRAIN STATION,MIQUICK VIA STATION,MIQUICK VIA TRAIN STATION,,,,,,,,,,,,,,,
MIRAMICHI,MIRAMICHI STATION,MIRAMICHI TRAIN STATION,MIRAMICHI VIA RAIL STATION,MIRAMICHI VIA RAIL TRAIN STATION,MIRAMICHI VIA STATION,MIRAMICHI VIA TRAIN STATION,,,,,,,,,,,,,,,
MISSANABIE,MISSANABIE STATION,MISSANABIE TRAIN STATION,MISSANABIE VIA RAIL STATION,MISSANABIE VIA RAIL TRAIN STATION,MISSANABIE VIA STATION,MISSANABIE VIA TRAIN STATION,,,,,,,,,,,,,,,
MISSION HARBOUR,MISSION HARBOUR STATION,MISSION HARBOUR TRAIN STATION,MISSION HARBOUR VIA RAIL STATION,MISSION HARBOUR VIA RAIL TRAIN STATION,MISSION HARBOUR VIA STATION,MISSION HARBOUR VIA TRAIN STATION,,,,,,,,,,,,,,,
MONCTON,MONCTON STATION,MONCTON TRAIN STATION,MONCTON VIA RAIL STATION,MONCTON VIA RAIL TRAIN STATION,MONCTON VIA STATION,MONCTON VIA TRAIN STATION,,,,,,,,,,,,,,,
MONET,MONET STATION,MONET TRAIN STATION,MONET VIA RAIL STATION,MONET VIA RAIL TRAIN STATION,MONET VIA STATION,MONET VIA TRAIN STATION,,,,,,,,,,,,,,,
MONTAGUE,MONTAGUE STATION,MONTAGUE TRAIN STATION,MONTAGUE VIA RAIL STATION,MONTAGUE VIA RAIL TRAIN STATION,MONTAGUE VIA STATION,MONTAGUE VIA TRAIN STATION,,,,,,,,,,,,,,,
MONT-JOLI,MONT-JOLI STATION,MONT-JOLI TRAIN STATION,MONT-JOLI VIA RAIL STATION,MONT-JOLI VIA RAIL TRAIN STATION,MONT-JOLI VIA STATION,MONT-JOLI VIA TRAIN STATION,,,,,,,,,,,,,,,
MONTMAGNY,MONTMAGNY STATION,MONTMAGNY TRAIN STATION,MONTMAGNY VIA RAIL STATION,MONTMAGNY VIA RAIL TRAIN STATION,MONTMAGNY VIA STATION,MONTMAGNY VIA TRAIN STATION,,,,,,,,,,,,,,,
MONTRÉAL,MONTRÉAL STATION,MONTRÉAL TRAIN STATION,MONTRÉAL VIA RAIL STATION,MONTRÉAL VIA RAIL TRAIN STATION,MONTRÉAL VIA STATION,MONTRÉAL VIA TRAIN STATION,MONTREAL,MONTREAL STATION,MONTREAL TRAIN STATION,MONTREAL VIA RAIL STATION,MONTREAL VIA RAIL TRAIN STATION,MONTREAL VIA STATION,MONTREAL VIA TRAIN STATION,,,,,,,,
MUD RIVER,MUD RIVER STATION,MUD RIVER TRAIN STATION,MUD RIVER VIA RAIL STATION,MUD RIVER VIA RAIL TRAIN STATION,MUD RIVER VIA STATION,MUD RIVER VIA TRAIN STATION,,,,,,,,,,,,,,,
MUSK,MUSK STATION,MUSK TRAIN STATION,MUSK VIA RAIL STATION,MUSK VIA RAIL TRAIN STATION,MUSK VIA STATION,MUSK VIA TRAIN STATION,,,,,,,,,,,,,,,
NAKINA,NAKINA STATION,NAKINA TRAIN STATION,NAKINA VIA RAIL STATION,NAKINA VIA RAIL TRAIN STATION,NAKINA VIA STATION,NAKINA VIA TRAIN STATION,,,,,,,,,,,,,,,
NAPANEE,NAPANEE STATION,NAPANEE TRAIN STATION,NAPANEE VIA RAIL STATION,NAPANEE VIA RAIL TRAIN STATION,NAPANEE VIA STATION,NAPANEE VIA TRAIN STATION,,,,,,,,,,,,,,,
NEMEGOS,NEMEGOS STATION,NEMEGOS TRAIN STATION,NEMEGOS VIA RAIL STATION,NEMEGOS VIA RAIL TRAIN STATION,NEMEGOS VIA STATION,NEMEGOS VIA TRAIN STATION,,,,,,,,,,,,,,,
NEW HAZELTON,NEW HAZELTON STATION,NEW HAZELTON TRAIN STATION,NEW HAZELTON VIA RAIL STATION,NEW HAZELTON VIA RAIL TRAIN STATION,NEW HAZELTON VIA STATION,NEW HAZELTON VIA TRAIN STATION,,,,,,,,,,,,,,,
NEW YORK,NEW YORK STATION,NEW YORK TRAIN STATION,NEW YORK VIA RAIL STATION,NEW YORK VIA RAIL TRAIN STATION,NEW YORK VIA STATION,NEW YORK VIA TRAIN STATION,,,,,,,,,,,,,,,
NIAGARA FALLS,NIAGARA FALLS STATION,NIAGARA FALLS TRAIN STATION,NIAGARA FALLS VIA RAIL STATION,NIAGARA FALLS VIA RAIL TRAIN STATION,NIAGARA FALLS VIA STATION,NIAGARA FALLS VIA TRAIN STATION,NIAGARA FALLS GO STATION,NIAGARA FALLS GO TRAIN STATION,,,,,,,,,,,,,
NICHOLSON,NICHOLSON STATION,NICHOLSON TRAIN STATION,NICHOLSON VIA RAIL STATION,NICHOLSON VIA RAIL TRAIN STATION,NICHOLSON VIA STATION,NICHOLSON VIA TRAIN STATION,,,,,,,,,,,,,,,
NORTH BEND,NORTH BEND STATION,NORTH BEND TRAIN STATION,NORTH BEND VIA RAIL STATION,NORTH BEND VIA RAIL TRAIN STATION,NORTH BEND VIA STATION,NORTH BEND VIA TRAIN STATION,,,,,,,,,,,,,,,
OAKVILLE,OAKVILLE STATION,OAKVILLE TRAIN STATION,OAKVILLE VIA RAIL STATION,OAKVILLE VIA RAIL TRAIN STATION,OAKVILLE VIA STATION,OAKVILLE VIA TRAIN STATION,OAKVILLE GO STATION,OAKVILLE GO TRAIN STATION,,,,,,,,,,,,,
OBA,OBA STATION,OBA TRAIN STATION,OBA VIA RAIL STATION,OBA VIA RAIL TRAIN STATION,OBA VIA STATION,OBA VIA TRAIN STATION,,,,,,,,,,,,,,,
O'BRIEN,O'BRIEN STATION,O'BRIEN TRAIN STATION,O'BRIEN VIA RAIL STATION,O'BRIEN VIA RAIL TRAIN STATION,O'BRIEN VIA STATION,O'BRIEN VIA TRAIN STATION,,,,,,,,,,,,,,,
OCHRE RIVER,OCHRE RIVER STATION,OCHRE RIVER TRAIN STATION,OCHRE RIVER VIA RAIL STATION,OCHRE RIVER VIA RAIL TRAIN STATION,OCHRE RIVER VIA STATION,OCHRE RIVER VIA TRAIN STATION,,,,,,,,,,,,,,,
O'DAY,O'DAY STATION,O'DAY TRAIN STATION,O'DAY VIA RAIL STATION,O'DAY VIA RAIL TRAIN STATION,O'DAY VIA STATION,O'DAY VIA TRAIN STATION,,,,,,,,,,,,,,,
ODHILL,ODHILL STATION,ODHILL TRAIN STATION,ODHILL VIA RAIL STATION,ODHILL VIA RAIL TRAIN STATION,ODHILL VIA STATION,ODHILL VIA TRAIN STATION,,,,,,,,,,,,,,,
OPHIR,OPHIR STATION,OPHIR TRAIN STATION,OPHIR VIA RAIL STATION,OPHIR VIA RAIL TRAIN STATION,OPHIR VIA STATION,OPHIR VIA TRAIN STATION,,,,,,,,,,,,,,,
OROK,OROK STATION,OROK TRAIN STATION,OROK VIA RAIL STATION,OROK VIA RAIL TRAIN STATION,OROK VIA STATION,OROK VIA TRAIN STATION,,,,,,,,,,,,,,,
OSHAWA,OSHAWA STATION,OSHAWA TRAIN STATION,OSHAWA VIA RAIL STATION,OSHAWA VIA RAIL TRAIN STATION,OSHAWA VIA STATION,OSHAWA VIA TRAIN STATION,OSHAWA GO STATION,OSHAWA GO TRAIN STATION,,,,,,,,,,,,,
OSKELANEO LODGE,OSKELANEO LODGE STATION,OSKELANEO LODGE TRAIN STATION,OSKELANEO LODGE VIA RAIL STATION,OSKELANEO LODGE VIA RAIL TRAIN STATION,OSKELANEO LODGE VIA STATION,OSKELANEO LODGE VIA TRAIN STATION,,,,,,,,,,,,,,,
OSKELANEO RIVER,OSKELANEO RIVER STATION,OSKELANEO RIVER TRAIN STATION,OSKELANEO RIVER VIA RAIL STATION,OSKELANEO RIVER VIA RAIL TRAIN STATION,OSKELANEO RIVER VIA STATION,OSKELANEO RIVER VIA TRAIN STATION,RIVIÈRE OSKÉLANÉO,RIVIÈRE OSKÉLANÉO STATION,RIVIÈRE OSKÉLANÉO TRAIN STATION,RIVIÈRE OSKÉLANÉO VIA RAIL STATION,RIVIÈRE OSKÉLANÉO VIA RAIL TRAIN STATION,RIVIÈRE OSKÉLANÉO VIA STATION,RIVIÈRE OSKÉLANÉO VIA TRAIN STATION,,,,,,,,
OTTAWA,OTTAWA STATION,OTTAWA TRAIN STATION,OTTAWA VIA RAIL STATION,OTTAWA VIA RAIL TRAIN STATION,OTTAWA VIA STATION,OTTAWA VIA TRAIN STATION,,,,,,,,,,,,,,,
OTTERMERE,OTTERMERE STATION,OTTERMERE TRAIN STATION,OTTERMERE VIA RAIL STATION,OTTERMERE VIA RAIL TRAIN STATION,OTTERMERE VIA STATION,OTTERMERE VIA TRAIN STATION,,,,,,,,,,,,,,,
PACIFIC,PACIFIC STATION,PACIFIC TRAIN STATION,PACIFIC VIA RAIL STATION,PACIFIC VIA RAIL TRAIN STATION,PACIFIC VIA STATION,PACIFIC VIA TRAIN STATION,,,,,,,,,,,,,,,
PARENT,PARENT STATION,PARENT TRAIN STATION,PARENT VIA RAIL STATION,PARENT VIA RAIL TRAIN STATION,PARENT VIA STATION,PARENT VIA TRAIN STATION,,,,,,,,,,,,,,,
PARRY SOUND,PARRY SOUND STATION,PARRY SOUND TRAIN STATION,PARRY SOUND VIA RAIL STATION,PARRY SOUND VIA RAIL TRAIN STATION,PARRY SOUND VIA STATION,PARRY SOUND VIA TRAIN STATION,,,,,,,,,,,,,,,
PEARL LAKE,PEARL LAKE STATION,PEARL LAKE TRAIN STATION,PEARL LAKE VIA RAIL STATION,PEARL LAKE VIA RAIL TRAIN STATION,PEARL LAKE VIA STATION,PEARL LAKE VIA TRAIN STATION,LAC-AUX-PERLES,LAC-AUX-PERLES STATION,LAC-AUX-PERLES TRAIN STATION,LAC-AUX-PERLES VIA RAIL STATION,LAC-AUX-PERLES VIA RAIL TRAIN STATION,LAC-AUX-PERLES VIA STATION,LAC-AUX-PERLES VIA TRAIN STATION,,,,,,,,
PENNY,PENNY STATION,PENNY TRAIN STATION,PENNY VIA RAIL STATION,PENNY VIA RAIL TRAIN STATION,PENNY VIA STATION,PENNY VIA TRAIN STATION,,,,,,,,,,,,,,,
PETIT ROCHER,PETIT ROCHER STATION,PETIT ROCHER TRAIN STATION,PETIT ROCHER VIA RAIL STATION,PETIT ROCHER VIA RAIL TRAIN STATION,PETIT ROCHER VIA STATION,PETIT ROCHER VIA TRAIN STATION,,,,,,,,,,,,,,,
PIKWITONEI,PIKWITONEI STATION,PIKWITONEI TRAIN STATION,PIKWITONEI VIA RAIL STATION,PIKWITONEI VIA RAIL TRAIN STATION,PIKWITONEI VIA STATION,PIKWITONEI VIA TRAIN STATION,,,,,,,,,,,,,,,
PIPUN,PIPUN STATION,PIPUN TRAIN STATION,PIPUN VIA RAIL STATION,PIPUN VIA RAIL TRAIN STATION,PIPUN VIA STATION,PIPUN VIA TRAIN STATION,,,,,,,,,,,,,,,
PIT SIDING,PIT SIDING STATION,PIT SIDING TRAIN STATION,PIT SIDING VIA RAIL STATION,PIT SIDING VIA RAIL TRAIN STATION,PIT SIDING VIA STATION,PIT SIDING VIA TRAIN STATION,,,,,,,,,,,,,,,
PLUMAS,PLUMAS STATION,PLUMAS TRAIN STATION,PLUMAS VIA RAIL STATION,PLUMAS VIA RAIL TRAIN STATION,PLUMAS VIA STATION,PLUMAS VIA TRAIN STATION,,,,,,,,,,,,,,,
POGAMASING,POGAMASING STATION,POGAMASING TRAIN STATION,POGAMASING VIA RAIL STATION,POGAMASING VIA RAIL TRAIN STATION,POGAMASING VIA STATION,POGAMASING VIA TRAIN STATION,,,,,,,,,,,,,,,
PONT BEAUDET,PONT BEAUDET STATION,PONT BEAUDET TRAIN STATION,PONT BEAUDET VIA RAIL STATION,PONT BEAUDET VIA RAIL TRAIN STATION,PONT BEAUDET VIA STATION,PONT BEAUDET VIA TRAIN STATION,,,,,,,,,,,,,,,
PONTON,PONTON STATION,PONTON TRAIN STATION,PONTON VIA RAIL STATION,PONTON VIA RAIL TRAIN STATION,PONTON VIA STATION,PONTON VIA TRAIN STATION,,,,,,,,,,,,,,,
PORT HOPE,PORT HOPE STATION,PORT HOPE TRAIN STATION,PORT HOPE VIA RAIL STATION,PORT HOPE VIA RAIL TRAIN STATION,PORT HOPE VIA STATION,PORT HOPE VIA TRAIN STATION,,,,,,,,,,,,,,,
PORTAGE LA PRAIRIE,PORTAGE LA PRAIRIE STATION,PORTAGE LA PRAIRIE TRAIN STATION,PORTAGE LA PRAIRIE VIA RAIL STATION,PORTAGE LA PRAIRIE VIA RAIL TRAIN STATION,PORTAGE LA PRAIRIE VIA STATION,PORTAGE LA PRAIRIE VIA TRAIN STATION,,,,,,,,,,,,,,,
PORTHOPE,PORTHOPE STATION,PORTHOPE TRAIN STATION,PORTHOPE VIA RAIL STATION,PORTHOPE VIA RAIL TRAIN STATION,PORTHOPE VIA STATION,PORTHOPE VIA TRAIN STATION,PORT HOPE,PORT HOPE STATION,PORT HOPE TRAIN STATION,PORT HOPE VIA RAIL STATION,PORT HOPE VIA RAIL TRAIN STATION,PORT HOPE VIA STATION,PORT HOPE VIA TRAIN STATION,,,,,,,,
PRESS,PRESS STATION,PRESS TRAIN STATION,PRESS VIA RAIL STATION,PRESS VIA RAIL TRAIN STATION,PRESS VIA STATION,PRESS VIA TRAIN STATION,,,,,,,,,,,,,,,
PRINCE GEORGE,PRINCE GEORGE STATION,PRINCE GEORGE TRAIN STATION,PRINCE GEORGE VIA RAIL STATION,PRINCE GEORGE VIA RAIL TRAIN STATION,PRINCE GEORGE VIA STATION,PRINCE GEORGE VIA TRAIN STATION,,,,,,,,,,,,,,,
PRINCE RUPERT,PRINCE RUPERT STATION,PRINCE RUPERT TRAIN STATION,PRINCE RUPERT VIA RAIL STATION,PRINCE RUPERT VIA RAIL TRAIN STATION,PRINCE RUPERT VIA STATION,PRINCE RUPERT VIA TRAIN STATION,,,,,,,,,,,,,,,
QUÉBEC,QUÉBEC STATION,QUÉBEC TRAIN STATION,QUÉBEC VIA RAIL STATION,QUÉBEC VIA RAIL TRAIN STATION,QUÉBEC VIA STATION,QUÉBEC VIA TRAIN STATION,QUEBEC,QUEBEC STATION,QUEBEC TRAIN STATION,QUEBEC VIA RAIL STATION,QUEBEC VIA RAIL TRAIN STATION,QUEBEC VIA STATION,QUEBEC VIA TRAIN STATION,QUEBEC CITY,QUEBEC CITY STATION,QUEBEC CITY TRAIN STATION,QUEBEC CITY VIA RAIL STATION,QUEBEC CITY VIA RAIL TRAIN STATION,QUEBEC CITY VIA STATION,QUEBEC CITY VIA TRAIN STATION,GARE DU PALAIS
RAMSEY,RAMSEY STATION,RAMSEY TRAIN STATION,RAMSEY VIA RAIL STATION,RAMSEY VIA RAIL TRAIN STATION,RAMSEY VIA STATION,RAMSEY VIA TRAIN STATION,,,,,,,,,,,,,,,
RAPIDE-BLANC,RAPIDE-BLANC STATION,RAPIDE-BLANC TRAIN STATION,RAPIDE-BLANC VIA RAIL STATION,RAPIDE-BLANC VIA RAIL TRAIN STATION,RAPIDE-BLANC VIA STATION,RAPIDE-BLANC VIA TRAIN STATION,,,,,,,,,,,,,,,
RED LAKE ROAD,RED LAKE ROAD STATION,RED LAKE ROAD TRAIN STATION,RED LAKE ROAD VIA RAIL STATION,RED LAKE ROAD VIA RAIL TRAIN STATION,RED LAKE ROAD VIA STATION,RED LAKE ROAD VIA TRAIN STATION,,,,,,,,,,,,,,,
REDDITT,REDDITT STATION,REDDITT TRAIN STATION,REDDITT VIA RAIL STATION,REDDITT VIA RAIL TRAIN STATION,REDDITT VIA STATION,REDDITT VIA TRAIN STATION,,,,,,,,,,,,,,,
RESERVE,RESERVE STATION,RESERVE TRAIN STATION,RESERVE VIA RAIL STATION,RESERVE VIA RAIL TRAIN STATION,RESERVE VIA STATION,RESERVE VIA TRAIN STATION,,,,,,,,,,,,,,,
RICE LAKE,RICE LAKE STATION,RICE LAKE TRAIN STATION,RICE LAKE VIA RAIL STATION,RICE LAKE VIA RAIL TRAIN STATION,RICE LAKE VIA STATION,RICE LAKE VIA TRAIN STATION,,,,,,,,,,,,,,,
RICHAN,RICHAN STATION,RICHAN TRAIN STATION,RICHAN VIA RAIL STATION,RICHAN VIA RAIL TRAIN STATION,RICHAN VIA STATION,RICHAN VIA TRAIN STATION,,,,,,,,,,,,,,,
RIMOUSKI,RIMOUSKI STATION,RIMOUSKI TRAIN STATION,RIMOUSKI VIA RAIL STATION,RIMOUSKI VIA RAIL TRAIN STATION,RIMOUSKI VIA STATION,RIMOUSKI VIA TRAIN STATION,,,,,,,,,,,,,,,
RIVERS,RIVERS STATION,RIVERS TRAIN STATION,RIVERS VIA RAIL STATION,RIVERS VIA RAIL TRAIN STATION,RIVERS VIA STATION,RIVERS VIA TRAIN STATION,,,,,,,,,,,,,,,
RIVIÈRE DU LOUP,RIVIÈRE DU LOUP STATION,RIVIÈRE DU LOUP TRAIN STATION,RIVIÈRE DU LOUP VIA RAIL STATION,RIVIÈRE DU LOUP VIA RAIL TRAIN STATION,RIVIÈRE DU LOUP VIA STATION,RIVIÈRE DU LOUP VIA TRAIN STATION,,,,,,,,,,,,,,,
RIVIÈRE-À-PIERRE,RIVIÈRE-À-PIERRE STATION,RIVIÈRE-À-PIERRE TRAIN STATION,RIVIÈRE-À-PIERRE VIA RAIL STATION,RIVIÈRE-À-PIERRE VIA RAIL TRAIN STATION,RIVIÈRE-À-PIERRE VIA STATION,RIVIÈRE-À-PIERRE VIA TRAIN STATION,,,,,,,,,,,,,,,
RIVIÈRE-DU-LOUP,RIVIÈRE-DU-LOUP STATION,RIVIÈRE-DU-LOUP TRAIN STATION,RIVIÈRE-DU-LOUP VIA RAIL STATION,RIVIÈRE-DU-LOUP VIA RAIL TRAIN STATION,RIVIÈRE-DU-LOUP VIA STATION,RIVIÈRE-DU-LOUP VIA TRAIN STATION,,,,,,,,,,,,,,,
ROBERTS,ROBERTS STATION,ROBERTS TRAIN STATION,ROBERTS VIA RAIL STATION,ROBERTS VIA RAIL TRAIN STATION,ROBERTS VIA STATION,ROBERTS VIA TRAIN STATION,,,,,,,,,,,,,,,
ROBLIN,ROBLIN STATION,ROBLIN TRAIN STATION,ROBLIN VIA RAIL STATION,ROBLIN VIA RAIL TRAIN STATION,ROBLIN VIA STATION,ROBLIN VIA TRAIN STATION,,,,,,,,,,,,,,,
ROGERSVILLE,ROGERSVILLE STATION,ROGERSVILLE TRAIN STATION,ROGERSVILLE VIA RAIL STATION,ROGERSVILLE VIA RAIL TRAIN STATION,ROGERSVILLE VIA STATION,ROGERSVILLE VIA TRAIN STATION,,,,,,,,,,,,,,,
ROUSSEAU,ROUSSEAU STATION,ROUSSEAU TRAIN STATION,ROUSSEAU VIA RAIL STATION,ROUSSEAU VIA RAIL TRAIN STATION,ROUSSEAU VIA STATION,ROUSSEAU VIA TRAIN STATION,,,,,,,,,,,,,,,
RUEL,RUEL STATION,RUEL TRAIN STATION,RUEL VIA RAIL STATION,RUEL VIA RAIL TRAIN STATION,RUEL VIA STATION,RUEL VIA TRAIN STATION,,,,,,,,,,,,,,,
SACKVILLE,SACKVILLE STATION,SACKVILLE TRAIN STATION,SACKVILLE VIA RAIL STATION,SACKVILLE VIA RAIL TRAIN STATION,SACKVILLE VIA STATION,SACKVILLE VIA TRAIN STATION,,,,,,,,,,,,,,,
SAINT-HILAIRE,SAINT-HILAIRE STATION,SAINT-HILAIRE TRAIN STATION,SAINT-HILAIRE VIA RAIL STATION,SAINT-HILAIRE VIA RAIL TRAIN STATION,SAINT-HILAIRE VIA STATION,SAINT-HILAIRE VIA TRAIN STATION,,,,,,,,,,,,,,,
SAINT-MAURICE RIVIÈRE-BOOM,SAINT-MAURICE RIVIÈRE-BOOM STATION,SAINT-MAURICE RIVIÈRE-BOOM TRAIN STATION,SAINT-MAURICE RIVIÈRE-BOOM VIA RAIL STATION,SAINT-MAURICE RIVIÈRE-BOOM VIA RAIL TRAIN STATION,SAINT-MAURICE RIVIÈRE-BOOM VIA STATION,SAINT-MAURICE RIVIÈRE-BOOM VIA TRAIN STATION,,,,,,,,,,,,,,,
SAINT-TITE,SAINT-TITE STATION,SAINT-TITE TRAIN STATION,SAINT-TITE VIA RAIL STATION,SAINT-TITE VIA RAIL TRAIN STATION,SAINT-TITE VIA STATION,SAINT-TITE VIA TRAIN STATION,,,,,,,,,,,,,,,
SANFORD,SANFORD STATION,SANFORD TRAIN STATION,SANFORD VIA RAIL STATION,SANFORD VIA RAIL TRAIN STATION,SANFORD VIA STATION,SANFORD VIA TRAIN STATION,,,,,,,,,,,,,,,
SANMAUR,SANMAUR STATION,SANMAUR TRAIN STATION,SANMAUR VIA RAIL STATION,SANMAUR VIA RAIL TRAIN STATION,SANMAUR VIA STATION,SANMAUR VIA TRAIN STATION,,,,,,,,,,,,,,,
SARNIA,SARNIA STATION,SARNIA TRAIN STATION,SARNIA VIA RAIL STATION,SARNIA VIA RAIL TRAIN STATION,SARNIA VIA STATION,SARNIA VIA TRAIN STATION,,,,,,,,,,,,,,,
SASKATOON,SASKATOON STATION,SASKATOON TRAIN STATION,SASKATOON VIA RAIL STATION,SASKATOON VIA RAIL TRAIN STATION,SASKATOON VIA STATION,SASKATOON VIA TRAIN STATION,,,,,,,,,,,,,,,
SAUVÉ,SAUVÉ STATION,SAUVÉ TRAIN STATION,SAUVÉ VIA RAIL STATION,SAUVÉ VIA RAIL TRAIN STATION,SAUVÉ VIA STATION,SAUVÉ VIA TRAIN STATION,,,,,,,,,,,,,,,
SAVANT LAKE,SAVANT LAKE STATION,SAVANT LAKE TRAIN STATION,SAVANT LAKE VIA RAIL STATION,SAVANT LAKE VIA RAIL TRAIN STATION,SAVANT LAKE VIA STATION,SAVANT LAKE VIA TRAIN STATION,,,,,,,,,,,,,,,
SAYABEC,SAYABEC STATION,SAYABEC TRAIN STATION,SAYABEC VIA RAIL STATION,SAYABEC VIA RAIL TRAIN STATION,SAYABEC VIA STATION,SAYABEC VIA TRAIN STATION,,,,,,,,,,,,,,,
SENNETERRE,SENNETERRE STATION,SENNETERRE TRAIN STATION,SENNETERRE VIA RAIL STATION,SENNETERRE VIA RAIL TRAIN STATION,SENNETERRE VIA STATION,SENNETERRE VIA TRAIN STATION,,,,,,,,,,,,,,,
SHAWINIGAN,SHAWINIGAN STATION,SHAWINIGAN TRAIN STATION,SHAWINIGAN VIA RAIL STATION,SHAWINIGAN VIA RAIL TRAIN STATION,SHAWINIGAN VIA STATION,SHAWINIGAN VIA TRAIN STATION,,,,,,,,,,,,,,,
SHEAHAN,SHEAHAN STATION,SHEAHAN TRAIN STATION,SHEAHAN VIA RAIL STATION,SHEAHAN VIA RAIL TRAIN STATION,SHEAHAN VIA STATION,SHEAHAN VIA TRAIN STATION,,,,,,,,,,,,,,,
SIGNAI,SIGNAI STATION,SIGNAI TRAIN STATION,SIGNAI VIA RAIL STATION,SIGNAI VIA RAIL TRAIN STATION,SIGNAI VIA STATION,SIGNAI VIA TRAIN STATION,,,,,,,,,,,,,,,
SINCLAIR MILLS,SINCLAIR MILLS STATION,SINCLAIR MILLS TRAIN STATION,SINCLAIR MILLS VIA RAIL STATION,SINCLAIR MILLS VIA RAIL TRAIN STATION,SINCLAIR MILLS VIA STATION,SINCLAIR MILLS VIA TRAIN STATION,,,,,,,,,,,,,,,
SIOUX LOOKOUT,SIOUX LOOKOUT STATION,SIOUX LOOKOUT TRAIN STATION,SIOUX LOOKOUT VIA RAIL STATION,SIOUX LOOKOUT VIA RAIL TRAIN STATION,SIOUX LOOKOUT VIA STATION,SIOUX LOOKOUT VIA TRAIN STATION,,,,,,,,,,,,,,,
SIPIWESK,SIPIWESK STATION,SIPIWESK TRAIN STATION,SIPIWESK VIA RAIL STATION,SIPIWESK VIA RAIL TRAIN STATION,SIPIWESK VIA STATION,SIPIWESK VIA TRAIN STATION,,,,,,,,,,,,,,,
SISCO CLUB,SISCO CLUB STATION,SISCO CLUB TRAIN STATION,SISCO CLUB VIA RAIL STATION,SISCO CLUB VIA RAIL TRAIN STATION,SISCO CLUB VIA STATION,SISCO CLUB VIA TRAIN STATION,CLUB SISCO,CLUB SISCO STATION,CLUB SISCO TRAIN STATION,CLUB SISCO VIA RAIL STATION,CLUB SISCO VIA RAIL TRAIN STATION,CLUB SISCO VIA STATION,CLUB SISCO VIA TRAIN STATION,,,,,,,,
SMITHERS,SMITHERS STATION,SMITHERS TRAIN STATION,SMITHERS VIA RAIL STATION,SMITHERS VIA RAIL TRAIN STATION,SMITHERS VIA STATION,SMITHERS VIA TRAIN STATION,,,,,,,,,,,,,,,
SMITHS FALLS,SMITHS FALLS STATION,SMITHS FALLS TRAIN STATION,SMITHS FALLS VIA RAIL STATION,SMITHS FALLS VIA RAIL TRAIN STATION,SMITHS FALLS VIA STATION,SMITHS FALLS VIA TRAIN STATION,MONTAGUE,MONTAGUE STATION,MONTAGUE TRAIN STATION,MONTAGUE VIA RAIL STATION,MONTAGUE VIA RAIL TRAIN STATION,MONTAGUE VIA STATION,MONTAGUE VIA TRAIN STATION,,,,,,,,
SOUTH PARRY,SOUTH PARRY STATION,SOUTH PARRY TRAIN STATION,SOUTH PARRY VIA RAIL STATION,SOUTH PARRY VIA RAIL TRAIN STATION,SOUTH PARRY VIA STATION,SOUTH PARRY VIA TRAIN STATION,,,,,,,,,,,,,,,
SPRINGHILL JCT,SPRINGHILL JCT STATION,SPRINGHILL JCT TRAIN STATION,SPRINGHILL JCT VIA RAIL STATION,SPRINGHILL JCT VIA RAIL TRAIN STATION,SPRINGHILL JCT VIA STATION,SPRINGHILL JCT VIA TRAIN STATION,,,,,,,,,,,,,,,
ST. CATHARINES,ST. CATHARINES STATION,ST. CATHARINES TRAIN STATION,ST. CATHARINES VIA RAIL STATION,ST. CATHARINES VIA RAIL TRAIN STATION,ST. CATHARINES VIA STATION,ST. CATHARINES VIA TRAIN STATION,ST. CATHARINES GO STATION,ST. CATHARINES GO TRAIN STATION,,,,,,,,,,,,,
ST. HYACINTHE,ST. HYACINTHE STATION,ST. HYACINTHE TRAIN STATION,ST. HYACINTHE VIA RAIL STATION,ST. HYACINTHE VIA RAIL TRAIN STATION,ST. HYACINTHE VIA STATION,ST. HYACINTHE VIA TRAIN STATION,,,,,,,,,,,,,,,
ST. LAMBERT,ST. LAMBERT STATION,ST. LAMBERT TRAIN STATION,ST. LAMBERT VIA RAIL STATION,ST. LAMBERT VIA RAIL TRAIN STATION,ST. LAMBERT VIA STATION,ST. LAMBERT VIA TRAIN STATION,,,,,,,,,,,,,,,
ST.MARYS,ST.MARYS STATION,ST.MARYS TRAIN STATION,ST.MARYS VIA RAIL STATION,ST.MARYS VIA RAIL TRAIN STATION,ST.MARYS VIA STATION,ST.MARYS VIA TRAIN STATION,ST. MARYS,ST. MARYS STATION,ST. MARYS TRAIN STATION,ST. MARYS VIA RAIL STATION,ST. MARYS VIA RAIL TRAIN STATION,ST. MARYS VIA STATION,ST. MARYS VIA TRAIN STATION,,,,,,,,
STADACONA,STADACONA STATION,STADACONA TRAIN STATION,STADACONA VIA RAIL STATION,STADACONA VIA RAIL TRAIN STATION,STADACONA VIA STATION,STADACONA VIA TRAIN STATION,,,,,,,,,,,,,,,
STE-FOY,STE-FOY STATION,STE-FOY TRAIN STATION,STE-FOY VIA RAIL STATION,STE-FOY VIA RAIL TRAIN STATION,STE-FOY VIA STATION,STE-FOY VIA TRAIN STATION,ST. FOY,ST. FOY STATION,ST. FOY TRAIN STATION,ST. FOY VIA RAIL STATION,ST. FOY VIA RAIL TRAIN STATION,ST. FOY VIA STATION,ST. FOY VIA TRAIN STATION,,,,,,,,
ST-JUSTIN,ST-JUSTIN STATION,ST-JUSTIN TRAIN STATION,ST-JUSTIN VIA RAIL STATION,ST-JUSTIN VIA RAIL TRAIN STATION,ST-JUSTIN VIA STATION,ST-JUSTIN VIA TRAIN STATION,,,,,,,,,,,,,,,
ST-PAULIN,ST-PAULIN STATION,ST-PAULIN TRAIN STATION,ST-PAULIN VIA RAIL STATION,ST-PAULIN VIA RAIL TRAIN STATION,ST-PAULIN VIA STATION,ST-PAULIN VIA TRAIN STATION,,,,,,,,,,,,,,,
STRACHAN,STRACHAN STATION,STRACHAN TRAIN STATION,STRACHAN VIA RAIL STATION,STRACHAN VIA RAIL TRAIN STATION,STRACHAN VIA STATION,STRACHAN VIA TRAIN STATION,,,,,,,,,,,,,,,
STRALAK,STRALAK STATION,STRALAK TRAIN STATION,STRALAK VIA RAIL STATION,STRALAK VIA RAIL TRAIN STATION,STRALAK VIA STATION,STRALAK VIA TRAIN STATION,,,,,,,,,,,,,,,
STRATFORD,STRATFORD STATION,STRATFORD TRAIN STATION,STRATFORD VIA RAIL STATION,STRATFORD VIA RAIL TRAIN STATION,STRATFORD VIA STATION,STRATFORD VIA TRAIN STATION,,,,,,,,,,,,,,,
STRATHROY,STRATHROY STATION,STRATHROY TRAIN STATION,STRATHROY VIA RAIL STATION,STRATHROY VIA RAIL TRAIN STATION,STRATHROY VIA STATION,STRATHROY VIA TRAIN STATION,,,,,,,,,,,,,,,
STURGIS,STURGIS STATION,STURGIS TRAIN STATION,STURGIS VIA RAIL STATION,STURGIS VIA RAIL TRAIN STATION,STURGIS VIA STATION,STURGIS VIA TRAIN STATION,,,,,,,,,,,,,,,
Sudbury,Sudbury STATION,Sudbury TRAIN STATION,Sudbury VIA RAIL STATION,Sudbury VIA RAIL TRAIN STATION,Sudbury VIA STATION,Sudbury VIA TRAIN STATION,,,,,,,,,,,,,,,
SUDBURY (JCT.),SUDBURY (JCT.) STATION,SUDBURY (JCT.) TRAIN STATION,SUDBURY (JCT.) VIA RAIL STATION,SUDBURY (JCT.) VIA RAIL TRAIN STATION,SUDBURY (JCT.) VIA STATION,SUDBURY (JCT.) VIA TRAIN STATION,SUDBURY JUNCTION,SUDBURY JUNCTION STATION,SUDBURY JUNCTION TRAIN STATION,SUDBURY JUNCTION VIA RAIL STATION,SUDBURY JUNCTION VIA RAIL TRAIN STATION,SUDBURY JUNCTION VIA STATION,SUDBURY JUNCTION VIA TRAIN STATION,,,,,,,,
SULTAN,SULTAN STATION,SULTAN TRAIN STATION,SULTAN VIA RAIL STATION,SULTAN VIA RAIL TRAIN STATION,SULTAN VIA STATION,SULTAN VIA TRAIN STATION,,,,,,,,,,,,,,,
SUMMIT,SUMMIT STATION,SUMMIT TRAIN STATION,SUMMIT VIA RAIL STATION,SUMMIT VIA RAIL TRAIN STATION,SUMMIT VIA STATION,SUMMIT VIA TRAIN STATION,,,,,,,,,,,,,,,
SUMMIT CLUB,SUMMIT CLUB STATION,SUMMIT CLUB TRAIN STATION,SUMMIT CLUB VIA RAIL STATION,SUMMIT CLUB VIA RAIL TRAIN STATION,SUMMIT CLUB VIA STATION,SUMMIT CLUB VIA TRAIN STATION,CLUB SOMMET,CLUB SOMMET STATION,CLUB SOMMET TRAIN STATION,CLUB SOMMET VIA RAIL STATION,CLUB SOMMET VIA RAIL TRAIN STATION,CLUB SOMMET VIA STATION,CLUB SOMMET VIA TRAIN STATION,,,,,,,,
TELKWA,TELKWA STATION,TELKWA TRAIN STATION,TELKWA VIA RAIL STATION,TELKWA VIA RAIL TRAIN STATION,TELKWA VIA STATION,TELKWA VIA TRAIN STATION,,,,,,,,,,,,,,,
TERRACE,TERRACE STATION,TERRACE TRAIN STATION,TERRACE VIA RAIL STATION,TERRACE VIA RAIL TRAIN STATION,TERRACE VIA STATION,TERRACE VIA TRAIN STATION,,,,,,,,,,,,,,,
THE PAS,THE PAS STATION,THE PAS TRAIN STATION,THE PAS VIA RAIL STATION,THE PAS VIA RAIL TRAIN STATION,THE PAS VIA STATION,THE PAS VIA TRAIN STATION,,,,,,,,,,,,,,,
THIBAUDEAU,THIBAUDEAU STATION,THIBAUDEAU TRAIN STATION,THIBAUDEAU VIA RAIL STATION,THIBAUDEAU VIA RAIL TRAIN STATION,THIBAUDEAU VIA STATION,THIBAUDEAU VIA TRAIN STATION,,,,,,,,,,,,,,,
THICKET PORTAGE,THICKET PORTAGE STATION,THICKET PORTAGE TRAIN STATION,THICKET PORTAGE VIA RAIL STATION,THICKET PORTAGE VIA RAIL TRAIN STATION,THICKET PORTAGE VIA STATION,THICKET PORTAGE VIA TRAIN STATION,,,,,,,,,,,,,,,
THOMPSON,THOMPSON STATION,THOMPSON TRAIN STATION,THOMPSON VIA RAIL STATION,THOMPSON VIA RAIL TRAIN STATION,THOMPSON VIA STATION,THOMPSON VIA TRAIN STATION,,,,,,,,,,,,,,,
TIDAL,TIDAL STATION,TIDAL TRAIN STATION,TIDAL VIA RAIL STATION,TIDAL VIA RAIL TRAIN STATION,TIDAL VIA STATION,TIDAL VIA TRAIN STATION,,,,,,,,,,,,,,,
TIMBRELL,TIMBRELL STATION,TIMBRELL TRAIN STATION,TIMBRELL VIA RAIL STATION,TIMBRELL VIA RAIL TRAIN STATION,TIMBRELL VIA STATION,TIMBRELL VIA TRAIN STATION,,,,,,,,,,,,,,,
TOGO,TOGO STATION,TOGO TRAIN STATION,TOGO VIA RAIL STATION,TOGO VIA RAIL TRAIN STATION,TOGO VIA STATION,TOGO VIA TRAIN STATION,,,,,,,,,,,,,,,
TORONTO,TORONTO STATION,TORONTO TRAIN STATION,TORONTO VIA RAIL STATION,TORONTO VIA RAIL TRAIN STATION,TORONTO VIA STATION,TORONTO VIA TRAIN STATION,,,,,,,,,,,,,,,
TRENTON JUNCTION,TRENTON JUNCTION STATION,TRENTON JUNCTION TRAIN STATION,TRENTON JUNCTION VIA RAIL STATION,TRENTON JUNCTION VIA RAIL TRAIN STATION,TRENTON JUNCTION VIA STATION,TRENTON JUNCTION VIA TRAIN STATION,TRENTON,TRENTON STATION,TRENTON TRAIN STATION,TRENTON VIA RAIL STATION,TRENTON VIA RAIL TRAIN STATION,TRENTON VIA STATION,TRENTON VIA TRAIN STATION,,,,,,,,
TRITON CLUB,TRITON CLUB STATION,TRITON CLUB TRAIN STATION,TRITON CLUB VIA RAIL STATION,TRITON CLUB VIA RAIL TRAIN STATION,TRITON CLUB VIA STATION,TRITON CLUB VIA TRAIN STATION,CLUB-TRITON,CLUB-TRITON STATION,CLUB-TRITON TRAIN STATION,CLUB-TRITON VIA RAIL STATION,CLUB-TRITON VIA RAIL TRAIN STATION,CLUB-TRITON VIA STATION,CLUB-TRITON VIA TRAIN STATION,,,,,,,,
TROIS PISTOLES,TROIS PISTOLES STATION,TROIS PISTOLES TRAIN STATION,TROIS PISTOLES VIA RAIL STATION,TROIS PISTOLES VIA RAIL TRAIN STATION,TROIS PISTOLES VIA STATION,TROIS PISTOLES VIA TRAIN STATION,,,,,,,,,,,,,,,
TRURO,TRURO STATION,TRURO TRAIN STATION,TRURO VIA RAIL STATION,TRURO VIA RAIL TRAIN STATION,TRURO VIA STATION,TRURO VIA TRAIN STATION,,,,,,,,,,,,,,,
TURNBULL,TURNBULL STATION,TURNBULL TRAIN STATION,TURNBULL VIA RAIL STATION,TURNBULL VIA RAIL TRAIN STATION,TURNBULL VIA STATION,TURNBULL VIA TRAIN STATION,,,,,,,,,,,,,,,
UNITY,UNITY STATION,UNITY TRAIN STATION,UNITY VIA RAIL STATION,UNITY VIA RAIL TRAIN STATION,UNITY VIA STATION,UNITY VIA TRAIN STATION,,,,,,,,,,,,,,,
UPPER FRASER,UPPER FRASER STATION,UPPER FRASER TRAIN STATION,UPPER FRASER VIA RAIL STATION,UPPER FRASER VIA RAIL TRAIN STATION,UPPER FRASER VIA STATION,UPPER FRASER VIA TRAIN STATION,,,,,,,,,,,,,,,
USK,USK STATION,USK TRAIN STATION,USK VIA RAIL STATION,USK VIA RAIL TRAIN STATION,USK VIA STATION,USK VIA TRAIN STATION,,,,,,,,,,,,,,,
VALEMOUNT,VALEMOUNT STATION,VALEMOUNT TRAIN STATION,VALEMOUNT VIA RAIL STATION,VALEMOUNT VIA RAIL TRAIN STATION,VALEMOUNT VIA STATION,VALEMOUNT VIA TRAIN STATION,,,,,,,,,,,,,,,
VAN BRUYSSEL,VAN BRUYSSEL STATION,VAN BRUYSSEL TRAIN STATION,VAN BRUYSSEL VIA RAIL STATION,VAN BRUYSSEL VIA RAIL TRAIN STATION,VAN BRUYSSEL VIA STATION,VAN BRUYSSEL VIA TRAIN STATION,,,,,,,,,,,,,,,
VANCOUVER,VANCOUVER STATION,VANCOUVER TRAIN STATION,VANCOUVER VIA RAIL STATION,VANCOUVER VIA RAIL TRAIN STATION,VANCOUVER VIA STATION,VANCOUVER VIA TRAIN STATION,,,,,,,,,,,,,,,
VANDERHOOF,VANDERHOOF STATION,VANDERHOOF TRAIN STATION,VANDERHOOF VIA RAIL STATION,VANDERHOOF VIA RAIL TRAIN STATION,VANDERHOOF VIA STATION,VANDERHOOF VIA TRAIN STATION,,,,,,,,,,,,,,,
VANDRY,VANDRY STATION,VANDRY TRAIN STATION,VANDRY VIA RAIL STATION,VANDRY VIA RAIL TRAIN STATION,VANDRY VIA STATION,VANDRY VIA TRAIN STATION,,,,,,,,,,,,,,,
VEREGIN,VEREGIN STATION,VEREGIN TRAIN STATION,VEREGIN VIA RAIL STATION,VEREGIN VIA RAIL TRAIN STATION,VEREGIN VIA STATION,VEREGIN VIA TRAIN STATION,,,,,,,,,,,,,,,
VIKING,VIKING STATION,VIKING TRAIN STATION,VIKING VIA RAIL STATION,VIKING VIA RAIL TRAIN STATION,VIKING VIA STATION,VIKING VIA TRAIN STATION,,,,,,,,,,,,,,,
WABOWDEN,WABOWDEN STATION,WABOWDEN TRAIN STATION,WABOWDEN VIA RAIL STATION,WABOWDEN VIA RAIL TRAIN STATION,WABOWDEN VIA STATION,WABOWDEN VIA TRAIN STATION,,,,,,,,,,,,,,,
WAINWRIGHT,WAINWRIGHT STATION,WAINWRIGHT TRAIN STATION,WAINWRIGHT VIA RAIL STATION,WAINWRIGHT VIA RAIL TRAIN STATION,WAINWRIGHT VIA STATION,WAINWRIGHT VIA TRAIN STATION,,,,,,,,,,,,,,,
WASHAGO,WASHAGO STATION,WASHAGO TRAIN STATION,WASHAGO VIA RAIL STATION,WASHAGO VIA RAIL TRAIN STATION,WASHAGO VIA STATION,WASHAGO VIA TRAIN STATION,,,,,,,,,,,,,,,
WATROUS,WATROUS STATION,WATROUS TRAIN STATION,WATROUS VIA RAIL STATION,WATROUS VIA RAIL TRAIN STATION,WATROUS VIA STATION,WATROUS VIA TRAIN STATION,,,,,,,,,,,,,,,
WEIR RIVER,WEIR RIVER STATION,WEIR RIVER TRAIN STATION,WEIR RIVER VIA RAIL STATION,WEIR RIVER VIA RAIL TRAIN STATION,WEIR RIVER VIA STATION,WEIR RIVER VIA TRAIN STATION,,,,,,,,,,,,,,,
WEKUSKO,WEKUSKO STATION,WEKUSKO TRAIN STATION,WEKUSKO VIA RAIL STATION,WEKUSKO VIA RAIL TRAIN STATION,WEKUSKO VIA STATION,WEKUSKO VIA TRAIN STATION,,,,,,,,,,,,,,,
WESTREE,WESTREE STATION,WESTREE TRAIN STATION,WESTREE VIA RAIL STATION,WESTREE VIA RAIL TRAIN STATION,WESTREE VIA STATION,WESTREE VIA TRAIN STATION,,,,,,,,,,,,,,,
WEYMONT,WEYMONT STATION,WEYMONT TRAIN STATION,WEYMONT VIA RAIL STATION,WEYMONT VIA RAIL TRAIN STATION,WEYMONT VIA STATION,WEYMONT VIA TRAIN STATION,,,,,,,,,,,,,,,
White River,White River STATION,White River TRAIN STATION,White River VIA RAIL STATION,White River VIA RAIL TRAIN STATION,White River VIA STATION,White River VIA TRAIN STATION,,,,,,,,,,,,,,,
WILLOW RIVER,WILLOW RIVER STATION,WILLOW RIVER TRAIN STATION,WILLOW RIVER VIA RAIL STATION,WILLOW RIVER VIA RAIL TRAIN STATION,WILLOW RIVER VIA STATION,WILLOW RIVER VIA TRAIN STATION,,,,,,,,,,,,,,,
WINDIGO,WINDIGO STATION,WINDIGO TRAIN STATION,WINDIGO VIA RAIL STATION,WINDIGO VIA RAIL TRAIN STATION,WINDIGO VIA STATION,WINDIGO VIA TRAIN STATION,,,,,,,,,,,,,,,
WINDSOR,WINDSOR STATION,WINDSOR TRAIN STATION,WINDSOR VIA RAIL STATION,WINDSOR VIA RAIL TRAIN STATION,WINDSOR VIA STATION,WINDSOR VIA TRAIN STATION,,,,,,,,,,,,,,,
WINNIPEG,WINNIPEG STATION,WINNIPEG TRAIN STATION,WINNIPEG VIA RAIL STATION,WINNIPEG VIA RAIL TRAIN STATION,WINNIPEG VIA STATION,WINNIPEG VIA TRAIN STATION,,,,,,,,,,,,,,,
WINNITOBA,WINNITOBA STATION,WINNITOBA TRAIN STATION,WINNITOBA VIA RAIL STATION,WINNITOBA VIA RAIL TRAIN STATION,WINNITOBA VIA STATION,WINNITOBA VIA TRAIN STATION,,,,,,,,,,,,,,,
WIVENHOE,WIVENHOE STATION,WIVENHOE TRAIN STATION,WIVENHOE VIA RAIL STATION,WIVENHOE VIA RAIL TRAIN STATION,WIVENHOE VIA STATION,WIVENHOE VIA TRAIN STATION,,,,,,,,,,,,,,,
WOMAN RIVER,WOMAN RIVER STATION,WOMAN RIVER TRAIN STATION,WOMAN RIVER VIA RAIL STATION,WOMAN RIVER VIA RAIL TRAIN STATION,WOMAN RIVER VIA STATION,WOMAN RIVER VIA TRAIN STATION,,,,,,,,,,,,,,,
WOODSTOCK,WOODSTOCK STATION,WOODSTOCK TRAIN STATION,WOODSTOCK VIA RAIL STATION,WOODSTOCK VIA RAIL TRAIN STATION,WOODSTOCK VIA STATION,WOODSTOCK VIA TRAIN STATION,,,,,,,,,,,,,,,
WYOMING,WYOMING STATION,WYOMING TRAIN STATION,WYOMING VIA RAIL STATION,WYOMING VIA RAIL TRAIN STATION,WYOMING VIA STATION,WYOMING VIA TRAIN STATION,,,,,,,,,,,,,,,
